House_Size,Lot_Size,House_Age,Rooms,Bathrooms,Garages,Distance_to_City,House_Price
2164.8253307689683,8610.604494374515,18.318754569314315,5,1,1,11.129763265727513,1558.2042414070984
1578.729399296092,9049.691953844023,41.02708033552434,3,5,1,4.553919456058389,1427.3198993249885
1618.1963604167277,4356.18134085454,0.98753775965022,5,2,0,22.927402882495535,1051.042200973496
2602.328184791874,8342.00257040355,49.020770665868746,5,2,5,6.469995811500764,1697.826658058205
2003.4584532198755,10391.128044034309,15.465144257164127,3,0,2,1.6925563185053216,1711.5869596829887
1932.2985796141525,12988.891319138454,16.4631140419816,3,4,1,19.16416254021822,1924.0811521383646
1676.5529156068728,8680.760844355147,26.510083039345318,5,1,1,8.913949574103585,1414.1988132622696
2346.426448365166,8690.753418417184,25.637420052723225,7,2,0,29.973111517563193,1619.8395154666066
1753.5487203283865,12216.306552028105,2.592720318925179,7,0,1,16.928417621103435,1925.3419951784927
2008.565207019568,6298.148152715412,17.929033503891123,5,0,2,20.874303996138167,1283.0737596325869
1673.450968945862,5202.6671980737265,4.664483397697894,9,4,1,12.82244709226015,1214.275720867022
1595.684758504604,7669.354845382172,13.825037079816404,2,1,1,2.6492891522986373,1239.064221123649
2687.9609442183255,10750.97833175235,8.84658606524576,7,2,0,1.862818328981725,1988.025492045326
2169.1025486009976,7854.791888712397,1.4729913304915132,5,6,0,16.20504945853829,1612.6770396137242
1642.9554111543764,10508.533569080231,37.71070399536416,3,2,0,26.79946891706815,1587.2377666595246
1539.0313695609573,7291.6030484032335,32.792622678270035,4,5,0,17.1573777681779,1302.3758919532575
1509.448512118527,11381.385771847206,34.602022476608084,4,7,2,22.74084909100617,1711.8977668115508
2449.9827460627157,11492.205933627743,41.00225411283583,4,0,2,14.48990379472091,1915.5057156105809
2497.273057748288,10870.909285599038,41.50920448042892,4,1,0,11.200114045096594,1871.1045563218158
2449.296197923595,8486.255630256086,35.47894619954752,3,4,2,11.42425759963273,1545.7603292149463
2120.5333640340195,9298.00138033337,1.5343049278550014,4,2,1,17.699643238402267,1593.4219017982734
1797.2324793398207,6768.476560701489,28.04205847661333,4,1,4,1.1874752631937697,1351.003771823343
1206.8293831400142,6757.604349271359,37.89478829508812,2,1,0,22.12704353234455,1024.3950732694896
3384.72727685085,9507.674691016236,30.61105857079739,3,1,1,17.700436137502802,1955.4463208890613
1628.0045906634994,7513.825285331696,18.07295667831842,2,5,0,24.502710573233944,1339.1817424447427
2371.5861962039817,7610.826189321293,9.114735127754741,3,2,1,5.356969144599728,1573.13047557097
2261.2783673625618,11305.766901536286,44.33819792228634,7,1,0,7.911153270087986,1942.0482933438248
1947.0284494039765,3724.1517315121955,20.13241666304093,7,1,0,22.22686615538653,933.4537814746059
1552.7325236004735,5984.922189793375,11.171289944951447,3,1,1,6.501623814823558,1134.3924210104144
1576.5790064016392,5648.510676397907,46.5373068356274,3,0,0,5.440584157011514,1044.9004431950457
2421.916319692183,6953.2491762609325,5.462490618889776,10,1,1,18.332643076752696,1577.897173627341
1260.0621157018347,8477.276517155326,2.6856429997881737,3,0,1,19.923583975999797,1326.624621240007
2111.715006781954,10174.694885375855,43.264280180816,4,4,1,23.268005036531267,1688.965109293744
1911.1020965796986,10725.451088109743,29.693187919758046,4,1,0,26.315922444747063,1619.2114160335832
2281.9292862866923,8837.70473301866,9.521595505667063,2,1,1,1.0460798266346305,1523.0442860603762
2066.9977956663815,9473.524608711745,14.173116354289778,5,1,1,9.167603508127522,1583.881387438043
1994.784934283346,8135.312451681783,41.4382367102654,9,1,1,1.3244410805926718,1602.781015108081
2486.8456476868564,7338.247686727415,46.51464146556197,5,1,1,22.301729866428204,1521.6686343193899
2330.452362825055,6957.051160831188,28.88751179949111,4,3,1,13.660406870716669,1615.781667920827
1848.9407166939527,7473.285812981687,19.545289987575824,8,2,0,26.324961332283454,1475.33864390335
1647.9320041131446,6944.813264293085,31.76017554120902,4,3,0,27.94086998622126,1224.0680106574769
2730.262184675837,9379.9935304527,35.706321464155366,4,0,2,15.288123688600376,1807.18719261136
2340.583217232525,7304.08145355873,44.85577408356138,0,2,1,19.750490767713313,1323.922999820707
2064.867327998864,6683.291234329394,15.154306691352353,2,2,1,15.493201619028884,1326.1571758446332
1381.6052743566586,8968.085503462455,48.28465088061398,12,1,2,7.303148886234612,1497.483740068541
2506.7241637887128,10278.827165397128,0.8244758968725063,8,2,1,10.133905250395753,2000.0243523282475
2245.2045443547445,6510.011079129017,33.66037259255742,2,0,0,15.473065773567685,1318.0943105264516
2016.720279131933,4996.771661212475,27.79933167637501,4,3,0,28.987410777349893,1137.9267567699512
2468.573178543383,11569.801017050871,6.880656689769504,7,3,0,12.28954471903152,2025.266422368647
1614.2425410947583,11383.49249397575,36.463689655236834,4,1,2,13.907958668246277,1725.5392370582763
2052.3623176828755,9733.225479511995,0.15205499442030868,8,2,0,22.15944152638497,1673.613827003151
2610.5072314466256,6494.439365900961,7.83044522273485,4,3,1,26.705518518157575,1457.6697029292752
2519.749789630593,10417.81247664211,20.458097283029485,7,2,0,28.702576977488597,1827.6982259278636
2312.804071421148,6420.056235416014,4.217742545247116,5,1,2,18.15045596130283,1379.1482466315892
2368.961134975163,7485.154597450817,46.18017318474802,6,2,1,15.467972750649825,1559.767061148053
2491.559862264154,5772.445566267136,0.9344969724247032,2,2,3,12.286981944074464,1498.696170494006
1660.7513906164863,7867.525085498631,45.53349120130912,7,0,0,6.987249481240992,1315.9550907402845
2003.5955429359103,7515.851395489642,20.59764042891578,6,1,0,22.353985136105106,1391.530010929142
2030.738685091308,9742.119513651323,19.21327244387293,6,1,0,15.179532087294078,1668.400003067849
2113.8081947018336,6568.956898312239,7.4364157533812705,2,2,0,29.948383079880276,1216.6366140304983
1585.383264364656,5974.28420818259,44.11034184231777,3,2,1,19.006104052733548,1047.9873885878455
2413.8219488065884,8092.1714937258075,18.65680894573158,7,0,1,18.20848880218733,1694.2916926343314
1871.0480607253937,8049.7601290702405,23.67362504749046,4,0,1,4.972154199377114,1427.6258183599268
1965.324820164919,5900.9465349730235,48.13906777868719,2,1,1,23.032639283903194,1152.8380193380199
1669.1955217635095,9209.971846760263,2.587138012492274,3,3,2,14.189029850906008,1527.1694881048024
1905.6037259315187,8734.619366558682,35.57990289521706,9,3,2,1.4015279685953488,1689.9089865373771
1285.6856063554087,8223.50661274972,19.900107771817204,5,0,2,5.493873744430558,1248.7255577003543
2514.438790779042,8706.443719602634,46.24377748140313,5,2,0,27.082553933839463,1550.7673980148804
2439.8761814982695,4251.791976572811,47.600845907539934,6,1,0,2.1228297058167156,1144.5457945741573
2843.789813470618,7939.243038011535,44.80859338283158,3,2,1,8.22695388573658,1591.2217691378928
1662.6475256732283,6608.016496851527,4.926850141126732,4,1,2,18.02037664806079,1218.3047995506622
1254.754940579479,6611.777026953336,26.373851277721567,4,1,2,8.589857443442236,1039.666918832312
2399.2654207720007,3757.4064173795323,5.594871864897727,10,0,1,10.161542063162377,1307.8285984428023
2783.859558803337,4788.30178523484,1.6528685795755726,7,2,0,6.869627362610638,1498.3323108367308
2191.087683605558,8550.41833617738,21.124912706817646,4,0,2,12.447010668214757,1582.5933567620245
1383.0327414154926,9516.175089479799,0.38447719872240493,7,3,0,14.141614230837622,1558.0691900748
2529.0457766445934,7060.46134671192,20.68140860883495,5,2,1,4.093633372130986,1540.3642295084812
1915.0146134534698,8274.52505995418,9.092773835648638,9,2,2,27.275333895204863,1535.990782425626
1765.3123619771434,8099.87772458907,39.871674971513585,3,2,2,11.917180938795154,1419.042170251725
2899.770810674948,7806.184975341094,42.72729119163451,5,3,0,12.450407726321385,1659.5890451296425
1657.5753915278567,5276.832768595539,11.736892678503324,6,2,0,28.84438293889767,1128.2691694885204
2221.159500828486,7752.3169304990115,13.337146686074725,5,1,0,27.533006244416665,1546.6087632859505
2794.6677817782806,10169.954849905786,0.7254960274306888,4,1,0,27.654938034029932,1930.4123535736628
2067.0202657977643,4539.426784544099,18.31744572538796,7,2,2,28.288106007478714,1084.8386400469612
2124.216634627031,7920.577686608517,41.73786666530427,7,1,0,8.888128346663674,1467.7199090581278
2238.6284543448455,7353.520527159907,41.157447768306405,5,0,1,23.377828504747466,1419.959592939573
2547.923859778941,9688.395885852264,18.07135010723363,3,2,1,28.518235999370184,1812.1102215974697
1514.3643133810667,8656.594488366018,1.4077057030263629,10,1,1,10.904007722763852,1496.3778319785247
1815.3356570277308,4494.6057986243595,17.39192050820734,6,2,1,17.616046470454368,1060.2527022721538
2727.7966286774,4557.787247516484,43.10425687996981,10,4,3,25.639412977182573,1473.1130045555421
2334.8361711972298,9159.412275864503,6.8287383730774645,3,5,1,17.95005574291028,1575.6564910113125
1783.3959276755209,7781.3660733602055,36.90444821028203,6,2,1,23.259126645260242,1326.0805439735716
2367.2665314007463,4761.183978520374,11.288017589164934,1,0,2,26.738695604674824,1151.5117481533844
2224.1875684104357,9435.21151823855,44.176054937539014,7,1,1,14.391251720373912,1709.243923603346
2040.2363950431065,4970.954644652665,15.975984946380928,2,0,1,15.797139773948189,1194.3530580849629
2471.4212372386673,5510.853356280177,44.26484325352652,5,0,0,2.9030896948941587,1412.728053584141
2673.3168433827423,8114.170133841146,27.498595558789003,3,3,1,17.8368278444458,1705.6575821179736
1682.0565641569574,5250.935887757913,36.06315107183594,4,5,0,10.728114898749068,1070.0782693291167
1947.0403739103883,5923.80323256838,42.49678735595051,5,2,2,11.473516977342738,1210.4345075572458
2165.183078350678,8183.948094956714,47.42812716956316,2,1,1,11.587697351588602,1418.8958834921075
1975.750338142469,10688.115343275276,12.553584454421552,6,0,0,26.582076321622885,1623.5903460182296
2544.006678452376,4606.151955529248,2.0115731433210216,4,4,3,10.375548420879726,1359.791074190285
2827.976925850442,10483.614860134128,16.59380673976767,3,2,3,21.14363006592901,1920.8080782891698
1320.3298007023718,7446.239901301423,45.11212071865023,2,2,2,4.421163268099154,1142.516832324159
1925.1794201035364,6562.972472935093,47.917731710138014,6,0,1,2.2668242256884215,1345.174942845091
2555.874233923847,6079.975412912529,42.88721386973527,4,1,1,15.166082501633406,1327.0112028816318
2477.9735195533635,10348.573245839212,1.5579959706299107,5,1,0,12.839512602575077,1874.1525175473453
1969.6555850793095,7555.053536874634,39.85839375544627,6,1,0,28.395398557794202,1324.7548574993534
1639.6938655759905,9537.547832259977,31.725973764375276,4,2,2,7.5551395960973,1456.6844710493738
2410.7293067075952,7350.36829333882,33.507096422459185,4,0,1,26.172727552586373,1473.281575750392
1502.9603768707195,5947.110340234816,24.480946468454,4,2,0,23.013605349863198,1051.777025669254
2063.8793871460334,5418.4404049768555,6.414920426431609,5,0,1,3.477098116723683,1248.1956037885452
2995.0850356426818,7456.634438230088,12.1210348650243,2,3,1,19.184331803043907,1644.3787057525483
1699.599052143829,10146.759193287377,39.440209337513885,4,3,1,18.69905451096799,1611.0884455543082
841.8793605539604,8242.11804581056,31.830983384099387,4,4,0,17.508600109466744,1101.5921771690062
2327.072057998514,7394.888894061186,28.41286002442488,9,3,0,3.223558303326313,1646.9499191551272
1571.8918052509102,7314.272804147055,48.314667062608116,5,2,1,26.727310995958582,1186.3995390280174
2882.2937824293736,7527.459291701921,16.49381012196264,4,1,0,22.210400014118566,1631.939832691977
2655.7154973654615,6230.247850468881,0.9138546818520554,1,2,1,17.980436419002526,1505.8235694296527
1094.4572543518905,4310.326567178165,29.611412882376055,7,1,2,5.235761876546151,833.8748742219186
1718.354001395941,6406.881544431648,23.36733001451572,8,1,1,8.616834469862962,1318.480694177714
2178.5335244234193,5646.4465137853285,8.68849838938085,6,3,1,25.750250594602207,1285.327861148114
2514.434467120105,6288.487973008875,42.095796225709734,6,2,1,13.950386852459118,1460.3710490505175
1772.1241040542056,5105.122485011947,21.95220147066842,3,5,3,6.624843418170105,1156.833021993485
1407.616864362516,8117.560316373387,11.441930773434345,5,2,2,11.719962258439779,1297.8477264710616
2614.764066220072,4797.4484322221315,14.997920905339479,7,1,0,3.705415757741518,1419.1231631770922
1925.7732690869934,9407.014864726843,42.30506575825942,2,1,0,26.44907630118644,1535.9022996694355
2499.325568658904,5050.226681338978,48.177232402638815,4,1,0,9.829629232729943,1239.5350847110158
2155.5988068584675,9764.700471754359,4.686112047356378,14,0,2,14.313169385852945,1839.855272956872
1890.322918089062,6243.327072033977,43.780617802915614,2,4,2,29.186777012187072,1215.1217837360448
1560.449538046153,10114.210578908835,17.78800179000693,5,0,1,13.577401418403717,1628.5915271454182
2069.7822948537246,8404.60615454466,18.367147570029008,4,2,3,18.161821825781335,1552.200962510819
2282.72802801652,8200.522183930787,30.01580095749422,5,2,2,19.049634610458295,1542.79468585141
1934.9610125348026,8511.336995100284,35.890776272108226,9,1,0,7.097307915478087,1491.4217535340783
1819.0177137924256,8079.884266982581,38.88872693797914,4,3,1,26.571077352982872,1322.3744942838027
1815.046419998996,7362.112330398003,10.06782485654894,5,1,3,24.3389496111784,1344.488148863436
2361.393075485415,9050.839212786745,15.682559818857738,6,2,2,21.872049052143993,1716.6266874529892
3052.442647012639,11901.490720579211,23.976299955753383,11,1,3,10.583076636503773,2336.4430982121976
2619.006516350065,11099.470088854758,9.024713256310429,7,1,3,17.488942790762668,2024.0748327943115
1992.082283463104,4462.048788673335,10.756096508430236,7,2,2,20.161955214195764,1197.9646165488477
1597.84149506131,10145.494967662926,17.866010427768614,5,1,1,11.56579543815772,1664.8979739884726
2334.788831893354,13950.31544753836,14.97384735020692,1,3,5,28.871900749245714,2170.4793464185814
2275.5202736365145,5051.377249567655,32.14537058478408,2,4,1,5.648797966999053,1232.5937835044742
1724.9621156234784,4147.404939385775,36.69465131460133,7,2,2,16.570669263403786,1054.6837618983043
1489.641351527302,7696.849794419253,39.401655808629606,5,2,0,21.21908231274431,1231.7983346886424
1517.1456689735887,13250.949760926527,20.831872400293584,10,1,0,17.638543643304057,1912.5755197820959
1770.3434267078198,6574.649830196185,5.905126519658305,2,1,1,20.015451897668754,1227.2979704428676
2306.696465038882,9841.78448408482,46.871790812354554,3,2,2,27.747431598378697,1600.0878967553394
2464.203330181908,7905.3277851601,17.15723734647647,6,2,0,11.438623762355723,1733.2262416950568
1431.6611454424267,8100.520694393274,1.7698247734203865,4,2,1,22.84528096956287,1309.7072744052791
1348.3867172103485,7794.710330246827,20.3514711961202,6,1,1,5.220091712415429,1202.115795661102
2134.2964350698294,7034.068762696454,45.75052292240365,6,2,1,7.008242317438297,1471.0022196085333
1953.1161160193235,5190.423460780421,12.173896295738329,4,2,1,10.623345923304568,1149.5444049158389
1406.109087152975,8241.474980323133,47.417048545695486,6,3,1,17.04052327093528,1313.2288130419556
2096.8685247007807,5431.021377340341,31.673531514443994,4,3,2,19.597479614209934,1242.421534422415
3163.7328811727,7529.347183004815,46.3412805028462,5,3,1,3.8424451873942926,1808.3213656875998
2457.837205983469,5513.857327385671,37.22526207306445,1,2,1,9.956299029827933,1275.6530014477971
2256.9559281555216,12694.33810035538,27.860400474532977,3,1,1,26.163846039638255,1920.8525554742926
2478.5389796558648,7555.845530024591,5.6974426514440175,10,1,1,25.98035816273736,1702.133080131732
2299.1287711180544,7254.908021155155,13.254714503765014,7,1,0,18.848724023965936,1576.3244894667907
2120.252847884965,9553.712563415704,29.881828653151988,8,4,0,29.338631096033133,1725.8763926036806
2476.3115936097392,9121.126832908889,15.334488272468077,4,0,1,20.47729082548096,1782.9274453606338
1786.0430231216683,7791.775442714447,47.69282290363113,2,3,1,8.192574278807111,1376.3000377906067
1500.793942797846,4402.978778445185,19.114082090085887,4,6,0,15.727412634278899,952.9087493309228
2464.4471560122774,8514.570052469848,24.51830782642226,2,4,1,5.870067304932796,1567.51018761573
1804.8630775020933,7366.244038663524,21.92915896969989,4,3,0,25.951966787559567,1321.9549281946063
2060.113935906533,8775.02344359754,8.660916466974433,4,1,2,7.2801756865471825,1564.9824879302046
1802.2897250888423,6051.753393121875,41.56501712780531,2,4,3,7.135694333950602,1114.2412489520189
2504.9220346571406,5482.322736513639,43.807181835042655,3,1,1,29.0026737122239,1196.1710113578433
2138.657219982012,9465.01520251631,13.358106166431538,5,3,1,9.422972062901993,1686.1315176971668
2261.0337579828974,6399.088238171602,40.03310213410966,8,2,2,24.835823494196546,1360.9369617336965
2238.7400452305556,7759.7925623096535,42.34398106864177,5,1,0,3.9674932278167128,1507.502830476667
1712.1315141426421,5460.939159323649,16.037911041738063,4,3,1,9.59479398836594,1062.7114897300496
1755.1446326296877,7281.90604620961,44.6461749306495,7,0,1,11.819145447360437,1320.2730654490201
2331.135501604531,8082.014359410088,44.938738845188865,3,2,2,21.223422898844056,1550.879357148012
2872.0930092899894,8753.241508080451,35.44362778240126,5,2,1,11.813651872902405,1719.905380822922
2595.8427560871974,9140.643011240134,37.50126856132575,7,1,0,6.83433808774464,1712.9086953111128
1000.7878620698426,6798.509437456434,22.790426770186496,1,2,1,11.546461657895168,1029.6615376075285
1604.9025054803312,11598.98725540191,26.997806234689904,7,0,1,29.305424570289986,1736.9260513373504
2421.5116222446286,9518.339885556432,10.019152216882649,7,3,1,26.768434078590627,1720.9133405569933
2485.6429049722697,8651.438465241485,45.310699202311206,4,2,3,18.462652481056985,1543.0204326639348
2371.9450546288203,9318.190396435759,26.230435118657592,5,3,1,5.3134181205942275,1738.075233578702
1623.1304081107082,8010.951783822708,32.28318250690558,6,1,0,27.05952241776607,1410.1320301420906
2168.544676432761,10308.458772192396,49.62569389727286,4,4,0,19.221024559613568,1605.0434302716776
1694.5572698673516,10670.273043005454,48.83121772806588,4,0,2,18.219423153793844,1521.4848345067749
2164.436726852419,9603.543112187972,44.878801550086266,3,3,0,15.083485815716006,1608.026023406181
1956.6018816385042,7054.281132148944,12.336140904016023,7,1,3,23.149466107371186,1398.824517973404
1342.5255366814592,9024.282617917625,33.623359895496314,2,4,0,14.397332037842258,1348.1772945555686
1108.4850434146956,12306.339777595116,27.69506193066778,1,0,1,2.325529111774281,1609.257134466815
1955.0159689716768,7832.213934231461,13.75354795869021,4,3,1,2.085718170212205,1565.2108729090178
2513.077625173706,7401.832077708544,20.855868717968594,8,3,1,28.082967138298994,1579.9873841865633
959.9124515851913,7118.366380081804,40.27449103726987,9,1,0,26.38813741092386,1072.881528561111
1446.9380645505112,10496.324968137127,36.50642123737733,4,2,2,11.754832437950126,1546.2722378884919
1348.105246913049,8733.349885861775,4.284239459357375,9,1,2,6.874596165940794,1489.0426914304276
2693.26814969369,12081.812744547231,6.836161686162434,2,1,0,24.599529736639276,2022.264492770033
2054.216615271344,6916.527469367199,0.004967611574369091,7,1,1,22.174211735676025,1427.7023789565224
1512.4481634136296,9480.310866107062,2.916106414521952,3,2,0,12.423861580744687,1393.0672840932582
2238.5663552026717,7490.550984332923,39.21277164622951,9,3,2,26.631089806866413,1499.5205358532864
1876.4470521329094,9249.398492162425,36.735206327759876,6,4,1,12.635601583481044,1591.895879136166
1908.6042468789824,9071.11579111276,9.750821883332339,6,2,0,26.32930508433763,1553.8299955101431
2332.3472844324247,9512.775582649734,1.1079170571882957,6,0,1,13.331675426046505,1771.2507705802689
2308.608437890628,5817.202649106089,39.623955569678685,5,1,0,5.04585738920164,1372.2308633866867
1369.7577681523535,11502.96319686615,14.887586167930733,4,1,0,12.555884344895738,1614.9793282841686
2820.1522848181926,10156.381174188744,22.271494346433364,4,4,1,13.740921877632202,1990.0663331965277
2247.5673830070355,6084.476171601497,7.1427753073744995,5,2,2,9.941734481378713,1461.4266587569311
2560.8325272046186,4135.755616267038,5.734619658348378,4,1,2,28.78609989089184,1263.0305563158463
1452.756521650422,7320.7541289829105,23.510711436116615,5,2,0,11.75683446587679,1333.4263098981328
1299.877402135307,9549.178779924176,12.991758893352474,6,3,0,14.459217051741623,1466.7474859559309
1847.9205609686642,7263.924717916389,26.73663095321077,5,1,1,27.052403860892593,1337.1633818180878
1788.1003611037095,11813.689539405712,22.409668875030857,3,3,0,12.670816699590006,1720.4337713615605
1561.8336317346514,9480.13836846093,3.394290680841383,3,4,1,9.683306969628923,1551.897488149431
2254.538842732724,3368.3893673714483,32.60706364206178,7,4,1,28.226517244191864,1106.1754316404495
1648.3289747969013,6669.558169651791,46.89672558018001,1,1,1,5.937586517195719,1141.268989811693
1684.8753652549265,7871.698792803521,35.28097567090594,3,6,0,27.971184818792864,1386.64233008182
2341.856451935054,8673.908607408064,39.544313313654605,2,3,1,19.101146332045538,1536.9765985297788
1663.5320908861022,6596.899374619317,11.440771642168885,5,1,1,5.478008481255742,1306.5363462337566
1116.5574596520587,9119.509816100346,35.04815461235186,4,4,2,17.614809042513517,1283.0856896013086
1475.8874841081822,10657.126417572625,49.53953319699568,6,0,1,29.43412580215614,1589.7086535605524
1899.5742524410703,11355.484990367302,14.396896782378715,3,2,0,1.1389878700894394,1778.3186331778495
2192.0553857876434,6853.047396745421,5.761582645543806,6,2,4,20.22355099471698,1492.1880824766104
1171.0199879147194,9034.564219013195,35.72883828609067,4,2,4,8.321300498716122,1237.734557016728
1039.4945843785895,8691.950180077205,39.90353223692487,4,2,2,20.470680679435443,1159.7653534120366
1324.301572049093,5510.232295903605,19.14921964648153,6,4,1,4.1913785768081535,1193.4995715633397
872.3246982118455,7084.193861926504,38.10376328110861,7,1,2,6.595718397738544,1115.394187390359
2035.609668084507,9292.949437814845,8.4874536744788,2,2,2,10.861892322646979,1643.5646333959523
2630.9384516587224,5657.091846938381,23.28051603985184,4,4,3,8.880356077304526,1407.5584659652686
1702.03535850358,11299.699035880432,29.77100388833439,6,2,2,19.07515216704967,1770.9979997579615
1862.9780082956713,8407.774929467967,4.862707006680067,9,2,1,14.05193871406786,1576.7996548789642
1646.631882952103,7640.93048388116,28.947806100974233,6,0,1,18.60006678968757,1333.654616446311
2057.3629760261633,6657.725478590895,12.124082415523214,8,2,0,22.998707729157157,1424.129726219468
1577.7941797787703,10240.82676473852,47.200446271352014,6,0,1,3.7629460255920053,1632.9101733655189
2027.0624440074919,9717.745990003667,33.51131654406661,5,2,0,1.6594382829698908,1663.6816187841225
1227.9952133720508,7359.566510187066,6.589350113152342,8,1,1,20.288758375571746,1280.7905550454543
2851.2793091662193,7830.919970960855,35.396830155962135,11,1,0,29.01433431050002,1775.7365344156433
2004.008140063379,8273.004520970513,40.48665955290337,4,3,0,22.017443553529013,1475.7752275656132
1840.151479943306,7406.843443316435,5.533217488636194,3,1,0,7.162315285137533,1281.4060227907762
1303.069580979964,11463.747465643512,0.2980015226403343,4,2,2,27.501428354647015,1616.2526263761094
1822.7601241468055,5362.638123254288,4.370097175180865,5,2,3,4.658681856632729,1168.549844076911
1488.360502884184,11018.244411831689,15.550018151749374,3,5,1,26.170715546541985,1584.486575241681
2067.692160669325,5654.5766570376,15.554992154145076,3,2,0,13.982286254684801,1254.7055367672706
2091.1633608712104,8000.13181431122,36.83305503976967,7,0,0,10.338172241696606,1433.9226487770743
1945.6584881336464,9691.791331737671,22.493230115034212,5,4,0,16.677425560807563,1672.716480918154
2565.338653243334,8882.40792847357,0.4341957841326516,3,4,2,15.987070139578796,1819.3908033006212
2071.0736915594175,7120.7574597901785,23.0443552855269,9,1,2,6.849212452330776,1561.9281761403363
1321.1810481738466,10473.65761248595,35.96818271414832,3,0,1,26.234515588299967,1406.6339726406775
2214.1795123290954,6184.518929982782,3.130645062746301,5,1,3,25.01089114810934,1280.4557745982142
2788.90924567495,6417.032274263234,26.73692301063117,6,2,0,28.73334419752558,1554.3395800617016
2194.064232604654,8020.618597234813,17.787254802706943,8,2,0,19.426577533902723,1536.5979200834263
1709.8941144451694,5792.99858933571,14.319514322831067,4,3,0,24.541705816911715,1099.2009457188979
3352.3065031501574,5791.214733438081,6.265953101061594,5,1,0,19.47986930674735,1697.720300441836
2551.837066810136,6344.029974274942,14.824434256372793,2,1,0,27.59940583363476,1379.298042345481
1292.220817259118,8191.65332242283,15.646991225259082,6,2,2,8.704046359086774,1280.6999827344694
1694.1956575787578,7779.209830065122,39.1123783430108,3,2,1,24.41857081068877,1229.45901822625
1889.929720278911,9166.763475002788,11.497738549068458,8,4,2,22.859941655401588,1676.3926461720162
1525.335580764389,6131.961864072272,18.086877772821087,6,3,2,19.95426968453539,1203.0705358262883
2351.3104363092802,5942.322999861624,41.97809398451441,5,0,1,13.685468593802092,1285.4140167298904
2053.3070379439027,5376.676161301188,44.84193474927063,2,3,1,6.5695967634005035,1226.5855521860735
1784.6403171978031,11099.707091022741,14.562650579522296,7,1,1,17.82065705648261,1726.9729346136864
2226.858536955479,10366.656899547113,4.740718319393677,4,3,0,28.904182531521908,1812.6823971210247
2011.0389004270555,5347.353225300201,49.71312542458597,4,1,1,25.3208405558223,1169.7511780566792
1919.7633418845876,6540.153462805385,6.396076155439245,3,5,0,5.940462497338074,1361.3376990061083
1548.9339213864343,6718.53004439705,26.31858505656795,4,1,1,6.127685470077582,1226.6526152782158
1294.3788542825803,9563.240172877193,45.743316566947065,2,2,1,17.554499161262836,1271.0927200425722
1997.9102697058036,4760.759782515042,28.748760615278613,10,4,1,17.773201733428856,1237.5840866228925
1504.4465050481645,12676.299941628153,3.8191826326929745,4,2,0,20.246948554740804,1811.432692273262
2595.6016934322906,9326.961411123213,42.62995203061845,3,0,1,23.775777907485693,1558.2205205168855
1619.0940464154362,9708.287823295104,21.871754418144118,4,1,0,11.225193044289378,1543.348338467276
1660.6889587968813,6462.022283353823,12.228250618304799,4,2,1,12.79817085935008,1273.586437457967
2699.939462936108,8359.485094945674,31.598064686999916,8,2,1,29.473236903674522,1747.6687958650646
1869.2247809004439,7274.44851145758,9.168927359131363,2,1,0,26.72805611755491,1395.6899008232874
2671.191535999867,4869.372823941912,48.61177222013293,3,1,0,7.470132246994927,1311.7599849817084
1887.25083225428,4710.23363004645,9.470652825872488,5,2,2,21.893125551139676,1098.2859503627142
1725.078710490753,8809.4906455746,46.97786599860586,6,3,0,20.68331641905794,1477.0429450085985
2330.0010938841874,7957.037997730508,26.69205250166517,6,3,0,24.446913399911633,1519.2314178787863
1916.4889437073543,6835.489565234325,37.310473360624194,3,2,2,21.476962201299887,1236.714107426997
2389.062442409261,9122.725090708305,27.361817167239227,4,3,0,21.77497848093099,1698.2987822192606
2228.947655758762,9109.99664920134,43.23382493862386,7,1,1,14.563032756483405,1689.2175534369164
2240.848519179117,6501.089029560737,5.774202341989004,7,2,1,3.6603368455370586,1477.9345794884525
1926.0986933839245,10104.117678670542,33.4620975783158,3,1,1,27.214107388433302,1637.7808424801663
2603.8209423417275,6712.247583482446,49.295227693611146,4,0,1,11.07506751507327,1542.3605466686458
2802.2028005525635,13006.526740361405,23.393272222871236,4,3,1,8.038483518967379,2194.1069987158253
1787.3107465251228,9660.825036141148,23.261185748381806,3,1,2,1.0824754680674515,1527.8336819196995
2381.7967910872067,6624.192584649362,1.6036043132589994,2,3,4,10.429333393060368,1484.5219622675306
2747.493702083618,5610.451631337082,33.49514441058169,9,3,1,4.711538969762702,1615.1556573011865
1163.564278523018,9473.543007814109,48.29942372957191,6,6,2,18.849396554192463,1268.743229819566
2390.7083688682765,6925.601897303131,8.44102473669267,3,4,0,11.124254041107829,1540.468796385086
2408.188597485324,9887.523206905127,0.14735452696565954,8,4,0,15.582567929912049,1931.2524811530607
2529.3767195858204,7324.571777886946,14.232581172516312,6,1,0,10.421926627277898,1679.8061408666251
2416.0611789461786,7827.949657109794,22.978228945486144,5,1,2,24.357379910732934,1505.5684577538852
1443.4962370194871,9237.52722678619,9.627959504646878,5,6,1,4.594600566189159,1549.6725184197303
1538.947716962079,9924.935072722743,38.706136434451444,2,7,2,8.502922714288026,1566.7543019217592
2226.5734697584076,5118.122814766944,12.384496787085236,2,3,0,14.126993828989054,1343.0230748523081
2414.260507401822,7387.668118765369,7.6462174511332694,6,1,4,16.421726718774316,1541.1835781292334
2484.901126837787,9964.047637187836,43.65772850381923,3,5,1,28.39973102524348,1787.5393508157017
2324.9770682615795,5515.020264021819,13.03187558506042,4,2,1,24.862437586201246,1304.3548138358917
2342.865450089349,8482.657081349953,47.54191648641057,6,4,0,23.716766720858015,1568.1634202535115
2158.491710930932,7986.422228918481,13.881625050673952,8,3,2,29.13618359332802,1512.9305680106079
1321.0570526324923,8694.873750832128,5.2913025306346455,4,2,1,15.175432876320432,1340.3953079210492
2614.0636493502698,10593.326034693939,27.134700578446264,2,0,1,29.420365518311158,1833.0479531121441
1579.710870225773,2901.3236163234096,23.79598595192258,8,0,3,21.84507352050573,794.4866581567903
1270.4123221985983,11024.023998215456,17.983889265628854,4,3,0,24.294325768053195,1509.909956188657
1077.0883040783265,8437.129520923942,21.460875555682097,4,1,0,20.419187557011885,1113.2491113333738
2371.63157663197,9353.446373100584,38.127609036220136,9,2,1,7.513227377970874,1803.541662812202
2159.8001001784314,8681.143832913329,41.1208579508661,12,2,0,16.37786338092873,1638.147652103574
1995.8383610312078,9495.368636268671,5.527046491362059,3,2,2,2.6893673969711864,1651.4598453792485
2109.892709593939,5833.4587488341185,18.31342191325923,7,0,1,22.40990369352771,1243.4258414637793
2604.942372659561,7895.954476784004,32.69598706848455,6,2,2,27.474946139908866,1645.0684602019644
1950.6249399010885,10435.96628147639,0.8139530595321076,5,0,0,9.561091650590907,1743.7447390146733
2634.1270680446764,8335.984241109807,29.03041140186251,10,1,0,21.719119969633855,1729.8580261904083
1453.9727457195445,11571.000522798971,10.399909043836224,5,0,2,2.3906795798218043,1678.0514431095867
1781.5345738751257,4857.996092922299,24.78083901011675,2,2,2,26.89227499691959,965.7029501579669
2336.4093626676276,6364.93326813161,38.68850871057482,4,1,2,9.00857317691881,1313.0223192024116
1423.1107862484175,6831.432075213475,35.82644779115907,7,2,4,16.124124923434394,1261.5842172869966
2001.296214755475,4399.8200906765005,30.041943160294377,8,2,0,6.384031383042755,1086.3588176483606
2019.7900050532658,5912.0702035861295,4.375261393829261,0,5,0,19.779137006523644,1203.4306789433303
1354.165220421244,8656.486054580122,7.48980134565283,3,2,1,27.55857952296648,1267.8454047368264
2100.7440667958963,6273.88201547009,20.06727069974324,5,3,2,27.491796208472106,1445.4349424554434
1861.1393205061545,8779.385701971314,47.92230836101514,5,3,1,15.868437529749722,1507.6999153829304
974.9641374208738,9079.992889098843,32.60372489079899,3,3,1,9.636220800942233,1260.1976315839568
1362.981386596533,8506.693493244738,39.67915717813402,4,2,1,26.38490706041244,1310.6571051978262
1865.7307645211536,6606.595986743671,49.543097208378384,4,1,0,29.453340037830884,1137.522914795713
1686.0439866488518,5816.311958748602,3.493636062544736,4,2,0,18.64003842544295,1133.2248310652649
1316.1142672217834,8072.910721910897,23.7508984118095,7,0,1,12.081551542419438,1323.9998256349065
2091.007636927034,4404.618205156245,35.431229949952744,5,3,0,22.442779087508782,1134.7971608542355
1524.4942574028466,9486.01799120493,40.10092157043788,5,3,1,1.6393228048737432,1550.1638261102712
1529.3251864178646,6915.253803200159,26.43411692099797,3,3,2,3.211072401275607,1256.4684083887569
1458.2121698093092,8944.527343188247,18.39950500551053,6,0,0,6.058248780316677,1489.3137599287352
2204.128721258794,5432.181964939768,15.148502800164298,8,3,1,7.113314545959979,1399.9510946624239
2422.1864601417346,7369.518745523487,44.02432703825665,5,1,1,26.966244433285148,1522.1960914149295
1744.4178548730613,10126.279533196912,25.97298243004616,3,0,0,8.072494719405793,1614.5169903001286
1720.772627081645,8962.354435531588,8.386837974424283,3,2,2,11.721607487116287,1443.8404980962919
1589.2136360666545,7948.468622424477,39.79895066798944,3,2,1,8.844324642647921,1235.7190812035358
1797.2676254897945,11014.403736952183,14.862250509915809,5,5,0,20.45777232252792,1729.0589398730176
2283.4421873995157,4895.417231983134,15.743923544135068,3,4,1,13.888083756424846,1204.0118608493008
1107.6610315796854,10007.142532452463,1.350094179517164,3,1,0,7.732359496447072,1469.7337699154762
1897.8503910149923,6696.864311919415,15.471576405621073,6,1,2,27.09856690093995,1353.808917650278
2396.854487011503,10234.985169053523,37.09495029396392,3,0,1,18.36616085697599,1764.0905466377967
1846.7390503505458,7414.854946408261,41.858524774556024,8,2,1,15.647677992787342,1444.293795272971
2983.027568746019,6298.20211161924,46.628234779140854,5,1,2,28.19137849567901,1509.6738068056118
2194.6491231482137,8148.339223642112,36.98438832144872,7,3,2,22.816740452183122,1541.164908248873
2582.6006108307924,5747.145085499727,48.46657355969646,5,2,0,16.16674264998417,1352.801471992079
2544.397825466643,6390.310878689452,6.680521763297959,7,5,1,4.6039864274637505,1543.7459769653813
1731.7969058637786,10085.746009903753,1.4021966692735643,7,1,1,24.970332473526344,1633.2356878017615
1949.6714276363903,8925.35890158612,37.0070333606069,2,1,0,8.403228989167431,1542.0819135967893
2068.7506986550798,3474.27273713478,24.67301939782641,3,2,1,2.576737791927112,1041.6729178638755
2591.4826791517116,7324.972439795427,14.004675601380189,3,2,3,20.59575475454733,1502.4595328035507
2206.9467233169694,8701.990754894816,22.638670874560912,2,2,1,8.468809140467854,1499.948255410848
1739.53327254549,7785.998879997868,16.081744041859906,3,3,0,23.435446689232457,1357.2502381580568
2387.507148851846,5918.85240148286,33.55295474230663,4,0,1,6.8498986816517355,1310.5438829736906
2158.0159405935997,11180.583405403886,15.140330606284147,10,1,0,9.541826482866359,1886.0810427677457
2082.554761481418,5661.308115946531,2.690482985156134,5,3,2,13.565809959174922,1232.2581207471071
2002.317579635196,9806.154106685854,38.68872676085168,1,0,0,20.146699456195417,1500.9901662892046
2494.8297015316966,10739.009050535504,0.28501806450746403,11,3,1,24.19522061807751,2034.4566618523459
2322.402103590302,5935.06316688302,6.204494836287799,4,1,2,7.170554141649027,1423.481074195054
1689.9548570701015,6284.68810473199,21.942190159194414,7,4,0,16.417683979549274,1225.152481862828
1947.35017038554,6344.223997723666,28.86052930794838,4,4,0,10.890017624563962,1325.5572914311024
1646.2917879481624,7316.836393842351,29.293076450440513,2,3,3,20.162221667317365,1211.5832707751224
1771.4208825859848,5668.642074034922,35.1494367656003,2,3,1,20.546699429580322,1019.7416810311272
1492.9381484361506,9111.57441525438,12.716866018586014,9,5,1,5.118564265197215,1584.3432944772771
2124.164386889662,7846.98154316796,21.730180577238446,3,3,1,23.898929355432557,1466.8064659840345
1885.2344601061982,6157.925693449457,41.30760018182766,4,2,3,11.659751747699795,1243.681050361108
2403.3452462233463,8007.240373802122,10.340619896153068,5,2,0,27.392560108419886,1586.144850756082
2074.2590950234235,9066.813427423742,19.54937824032455,9,1,1,24.582392387980537,1689.6404091263137
2818.152613598305,4673.365709001136,18.30422259713486,4,2,1,9.197418313798629,1314.4565793573875
1944.3404108341665,6913.352682920621,37.94668691796797,8,1,1,29.899458945137567,1300.1856515338498
1856.6597661657763,5173.735832278689,17.193299083752184,5,2,0,26.184806921178115,1099.3498454476714
1821.5284049429115,11973.413884610789,44.87766288150422,5,2,1,12.408385749494299,1849.0155091858855
1419.0461112969178,6217.374738952704,49.17882957400978,10,1,1,27.264774162698973,1097.7664800696177
1429.3192208990085,11589.004480855412,10.610304995737662,6,0,2,23.15320406826915,1651.8648227951737
2525.4022051626994,9850.127390921687,17.69981080185855,4,1,2,3.958941641017713,1884.4173009395392
1463.4613979731826,8156.803037240976,8.73799614077016,5,3,1,13.572661991211564,1362.7128302419328
522.3225130551632,7535.477177062726,11.88733410278423,6,0,2,9.406348658650298,1029.9231933736583
1448.3345308118487,11509.509977373162,30.338754238258993,5,1,1,18.401611111996726,1719.0220055037014
2357.350452031772,4649.323845438546,29.22881813789119,4,3,1,23.291650781243295,1240.2903810332623
1151.5409309343668,9054.618901495378,16.58451142506848,3,2,0,28.571577536646824,1286.6577244121904
2165.352914907752,7931.7552302280355,27.813252090197256,3,3,1,3.8497289755570065,1532.7123336729367
1707.3372650085137,8245.02456142722,15.05127533909844,3,1,1,24.302443828547847,1340.6849649473024
3068.672690530069,5780.7509264638975,32.25062992018932,5,1,1,9.040926727310781,1529.6677310482426
1861.7376490441457,4305.146232229781,34.83736794133351,7,3,0,16.718265757023065,1101.8711735582335
2554.0065382047337,4366.07408636889,21.843529419929116,3,2,1,10.42439213900259,1328.6240731445055
1730.9218667358423,8194.985862649402,45.31935980619579,3,1,1,24.402611960442492,1318.526273188771
2326.825279096664,6293.004982573157,5.758710201279244,6,3,2,29.231386362610515,1458.0941348003828
1990.4906047522722,9509.660329089043,14.477710915573505,4,0,1,12.284561843216563,1638.659088953699
2391.7357967354938,10436.355790498777,14.256372983015853,7,2,2,6.907580223920911,1793.2281224436265
1640.704910250735,6545.699331471778,8.726782786353048,8,1,1,5.24834529273673,1352.4025998568325
1404.0388004921565,6615.815722717965,38.67850480951386,4,1,1,6.654800751873156,1127.5400456665097
998.3085783131631,6495.8071233952605,12.508431701231132,4,2,3,28.427640263699608,982.53959707942
1038.2197867100015,5109.874743551465,9.68452721650559,4,5,0,5.448721018450206,1008.4112409649227
2171.4072482544907,7747.105728016091,31.498462333955864,4,3,1,3.482286076247371,1487.2540357737685
2353.527243824747,6242.2797078396825,24.472710744803734,4,1,0,23.988686724898454,1308.081570794683
2521.600296598025,3037.2322406763415,43.15190036437483,8,2,2,3.845196053904269,1167.2067733858203
2207.006445785776,6450.473359656866,10.42069036463848,6,0,2,12.817921798370627,1350.8072683158207
1813.2606126337316,7921.409041040991,28.88311995507519,4,3,2,19.219997250508282,1442.3059702264502
2738.114574522721,10444.267850481978,32.65075067446494,8,2,4,17.18052603290864,2039.0932783745375
2114.077262236533,9706.975628004917,13.299471225168402,2,2,2,10.177757054432153,1528.2833636873575
1801.7286473816414,9895.238477476409,8.743473596156043,7,1,3,22.284414315922294,1636.7682394747121
1513.8360653899747,8898.913018434516,25.90675988118197,5,2,3,25.544097318004162,1420.5735598370616
1547.5554507460292,5164.717949169391,30.633522480165592,14,1,0,14.258545456026415,1152.5352128811494
1321.2933130932834,7996.31084884076,28.545158486648102,10,0,1,16.907688507309146,1463.1267219908025
2493.698907777284,6655.594494316132,28.633797078800022,6,3,1,19.45667670831721,1514.1989459821805
1469.2488870741797,8806.126987188276,24.867815200324966,3,3,2,14.402921578373086,1425.4469886099655
623.8408900124332,7788.899789277244,10.288715985498115,9,0,1,6.326454228248261,1135.9753314808454
1872.9052611035847,5809.868016152921,33.970399589473864,9,1,3,12.013972525732223,1242.2206285265315
2356.4785487643276,10669.200669333757,25.298560631929906,7,0,1,7.66554555439616,1897.3386175421786
2969.996328564496,8960.440524582964,41.94057622022183,4,2,1,2.1774071101248964,1873.5555721157543
1788.5595461711514,11472.0685074799,40.16610670736599,9,1,1,20.91852839096963,1766.63546563306
2184.6941284875297,6395.258668919081,26.949079257239443,7,2,2,14.185804127178253,1428.066797944117
2075.5293223432964,8671.511456379054,19.10518385931607,7,4,0,6.4002995548218795,1723.4771078739905
1671.1861549863368,10936.20911987296,25.98099014018182,3,1,3,6.788899865177138,1631.0675560250293
2018.2973627628687,7695.053840318771,46.123864588184574,4,1,0,15.368275918045354,1505.2820501191352
2076.291290496527,8963.818417011997,26.247006600305657,1,2,0,29.1287116862758,1522.3621266773266
1538.4109840151216,7754.199741547685,26.82229223379677,4,1,3,19.883070959634576,1331.698425495199
1826.3950773371262,9228.379090885246,25.96811866618442,5,4,0,14.79564116816919,1544.2201354205763
2164.7085632307703,8273.91672375156,48.65048662567718,8,2,0,17.5723287937988,1515.2420122283693
1443.158796092523,5208.6832909788445,44.836530516217636,4,2,1,17.153841976265188,1046.388910504517
1734.4624469346015,8684.820443322451,20.33041908224749,3,3,1,26.465608782147633,1499.1484624576524
1812.287223503593,9054.085747416531,23.873647027551748,7,2,1,4.184424924432329,1650.4318304877247
1871.0131849685906,4857.965358729491,15.442201069805368,9,2,0,28.617616691353156,1120.9785201422205
1472.4554015576855,7107.679512060216,2.25331497339159,7,1,1,8.887141466301626,1370.0903102318211
1881.6177106047057,8963.65486264763,47.75000880991669,5,1,1,7.691101888787785,1451.639059329206
958.7888568544897,3869.9793741208377,9.666284035805383,4,2,2,22.739557369755417,733.317661519347
1451.369051010045,9246.951802307894,31.096856932458284,4,3,3,24.355028536177183,1394.1810698823524
1503.4961663574607,9033.423111547738,43.68492077308906,3,4,0,5.304635468207385,1386.2265418176366
1226.1299709177324,9279.296846825311,14.433234947991641,6,1,2,15.309769652185356,1373.6999622255676
1614.2246464943246,10232.069180336888,42.01303215842389,5,1,1,26.278260940522202,1523.8247821223795
2174.03635166387,8643.22449587911,17.98055009566657,6,3,2,28.37077623796192,1632.928548345721
1458.4073634080933,9350.181682338487,36.688212057661254,5,4,1,15.480875268934042,1462.137356688803
2127.0632060520575,8390.666279187064,5.762027186425151,6,4,1,18.0413122628704,1691.1429327389942
2640.8148679288834,11347.859228950325,17.106040805130036,3,1,0,12.297363371476285,2028.0896669770714
1388.6719166284533,7618.551262682154,28.26944440367221,3,0,1,9.316943012611876,1234.4028959553896
1304.9626954042494,6853.769077159646,25.26446349966965,2,3,1,5.639872693083393,1168.4268368772991
2117.652951230428,7563.217671965928,45.686962273076475,2,1,0,3.694420183108327,1350.5925132319737
1516.6729550345417,6408.358872628596,35.7817866520304,7,1,2,2.0617292477222917,1280.0435589542915
1800.7832430616672,10221.931643451187,22.390276435738038,5,2,1,2.3363411555737645,1628.1848303884854
2255.729427007879,4679.038207338397,9.558025803873432,13,1,0,15.860318240194296,1367.3607118584648
2130.629088820285,7229.530402092146,33.864778431395024,6,2,1,4.607200830802665,1501.8362788162424
2197.226310473665,10060.897745420014,11.198837121421285,7,2,1,6.1297375727714085,1821.238228725145
1432.5385670536439,6644.984596158498,22.094908168418275,2,0,3,29.285632049021103,1089.6002995847894
839.741409350502,7005.658180134358,39.32900959544747,6,1,1,6.220624870534931,990.9708684412977
1844.871999956378,8281.0849965733,45.561369517071924,4,1,2,2.8693162853073684,1375.16929323272
1478.3620043850733,6054.701027874479,10.146539119365,4,3,0,19.51455174519231,1154.8138450837557
2041.6402286421542,8855.972753640843,33.104249630774824,5,3,0,13.885492588978073,1522.7777308317263
3026.254414536903,12649.253760963942,18.004005426099745,3,2,3,8.751930510179584,2232.9807806516374
2252.5269316002586,6555.881126722406,41.61160793811211,5,1,2,26.04068149664169,1351.6509044466109
2733.7207137217815,9015.601029917982,17.994406117126466,1,1,0,26.88045870786426,1702.9334226392775
2442.6549140983398,5359.410117938587,43.10231804543165,7,1,0,16.245828060951318,1295.9239237944605
1909.3822988559652,8221.613849139276,17.662226311884783,1,1,1,26.742846748216206,1363.5646368281787
2564.860075747075,6166.902456263346,24.54822263264475,4,2,1,21.032331836366023,1436.3049750006105
1933.1279121228918,5621.29399532257,0.024315282601788946,6,3,0,24.448099096656016,1310.2936175544448
1853.3092145014255,7656.75611991908,48.50260060361901,4,4,3,15.237700522682388,1391.1528741440893
2232.888048866022,8004.077197672798,44.5051673344451,3,3,0,4.540372013582999,1509.9355071295686
2660.3900953148577,6806.139651873062,9.518262989399407,4,4,2,3.342138457658171,1664.5679193418075
2646.7002552557014,5124.870298276841,28.88834218740811,7,3,1,11.051598040288553,1413.510742774891
2620.7667934161072,9059.6476642685,45.94296121502151,4,1,2,27.329998652808786,1630.4391197748707
2918.1800941967813,10316.680944215152,49.9118889111127,3,1,2,8.057513644391612,1933.349951821098
2040.924203725914,9528.363863760867,18.4224049090344,6,2,0,11.821310170100345,1675.270008072477
2057.319474269622,8096.565286689881,37.07385239638636,1,1,0,24.155062091262838,1360.6520273234137
1934.3383755237335,10035.569747453854,16.6524908166802,2,1,0,10.047722520039542,1608.861896710353
1285.1742835684788,3125.750226868191,41.82922603327352,3,2,1,2.7698345827926705,681.108247106211
1567.6900049870983,10761.651983071235,30.77825263904262,4,0,0,21.617297225820526,1539.5922269172324
1769.1767067143114,7058.379796320334,33.289828159123275,4,3,1,8.90100773489915,1318.385214786713
2844.859848917302,8079.78923454491,30.68671485770984,3,2,1,12.503106766339895,1777.33196188485
2277.094530777826,11678.258918163789,28.272477325149353,4,0,0,15.993212146994068,1931.1822675140168
1465.962342003495,10085.15226441032,35.274177150576016,5,0,0,11.89995819753046,1443.7746113266367
1701.3663555491744,10786.623068323697,4.365055445439181,11,3,2,17.85450242801061,1929.5931437026636
1306.4413541095637,7314.877914880824,7.550071530154612,7,1,1,14.600893573250874,1229.499199470416
1555.760802047937,6043.627349755879,30.749766498395793,5,1,3,6.362067204634997,1192.4712256566152
1833.4304731868015,8191.333044460996,12.99161866967346,2,2,0,7.68722055592251,1498.711479528964
2581.740021992228,7807.407130280312,25.21615260215773,6,1,0,27.181867751121292,1640.0434483732843
1649.9100653209903,7657.281925067307,34.204002203781776,5,2,0,18.53711759602467,1343.3848225135016
2110.69032850827,7541.699332525804,19.571383606276815,3,0,1,17.79685405218501,1357.4673058615479
2112.001424263429,4232.395087729983,43.20332134224864,6,3,1,9.105296603418303,1170.0033064212262
2257.678091250831,5059.653056973535,7.207213433809201,7,1,0,11.924189516846633,1275.6061786484388
3435.0286116698435,7272.619533076925,48.58851167154365,5,1,0,18.852980841792032,1880.7393112074017
2165.4643762109827,6799.239011623672,41.85834635203124,7,1,1,13.014879954765611,1407.3510727660048
2375.361485010504,8300.39612329932,47.68583909977793,5,4,0,1.089665459095361,1571.8903799909456
1694.0901718798452,5189.744136352536,0.5056686642135266,4,4,0,25.256981917538504,1049.3238286867672
1873.3764026128363,6086.707520581144,9.86608883423153,1,2,0,11.132849157304355,1155.8922119231447
2027.8383581519956,7790.671078328281,43.23925743182889,4,4,1,17.639172650361147,1485.6345100011213
2336.6475350448172,7802.279682791508,43.30561991901031,5,0,3,9.75054500089686,1488.275026928916
2190.85621438984,8799.068986893873,39.510421809579235,8,2,0,1.1085700212564147,1624.668515341687
2000.2147259872506,5097.690039284915,26.639153943265388,7,3,1,24.837572561963842,1155.1237320985622
2173.039180948798,7480.789795250754,39.228873736988604,4,0,1,6.702178589680182,1441.773500351356
2385.3329230124446,7178.90391414429,25.837164802526747,7,1,0,14.548173255378018,1493.6157109773715
1714.1572795702596,6686.595681452568,30.54396943504065,3,3,2,11.92696252712191,1195.5366062439114
1731.30109061418,7511.677027132981,41.10520659282234,5,0,3,18.5152142869973,1308.5615630824086
2407.502810196308,6835.300275768551,37.07712145698295,5,2,1,15.777977066971951,1452.9291388865754
1433.1056586720692,9735.548043945359,19.018758263257357,8,1,1,11.695161241745904,1510.2026519700114
1639.5505741196994,8366.530759458561,8.364905709105381,5,1,2,3.1216020505864477,1497.5103255798053
2518.511429228867,7932.503401018431,4.420881169655988,7,2,1,1.5460862048199484,1746.0344371178287
1446.0689319694175,7183.744356818012,5.769803531047141,3,3,0,1.3232527578499886,1242.836293605626
2135.391860721451,9489.26954456912,16.681525549643762,3,3,2,16.374243511297614,1662.5241579530875
1170.2062279055926,10909.859539490995,42.13398848237076,1,4,2,16.720919228918795,1371.5565609139433
1836.228129329682,10539.930244846524,4.772613694163585,8,3,0,4.5081130766793525,1774.154250221576
2395.992086324538,5389.976093275118,16.2782442886192,9,1,1,18.892758155327012,1401.598488942998
2596.5990241246477,7461.118551136126,43.73660175790191,5,2,1,14.688738426805786,1620.2802357006287
750.1485329521515,10027.368463267489,28.23869253552808,8,1,2,19.65382888170644,1368.1128375083388
2520.1426520431605,8267.837680398423,2.728821048892738,4,2,2,24.181896325769532,1590.7399096890524
2817.7399895275075,7803.0073382958135,31.344352109475686,5,3,0,4.088266052573866,1724.5021413894312
1786.1084904098125,8241.999527245423,19.841779020284516,6,4,1,7.562714080071308,1509.9972266821524
1450.4109604499404,6947.008132452993,34.48799789539091,5,3,3,7.375576008768889,1275.8883776881019
1819.6161060395136,6526.705241025318,41.9899699885741,5,0,1,14.877729743637081,1269.651894992413
1849.510321765356,6537.335664132334,35.95009195958155,5,0,1,12.601176343711693,1350.6834032407664
2432.0773220046135,7224.079859108306,14.52635882709956,5,3,2,25.854069293375666,1561.4225375255762
2799.745336786038,9088.51711522675,8.842944301616356,2,2,3,5.247544261160793,1759.7640863483916
1745.9277817375378,10996.52597614339,35.93793312809828,5,3,1,15.120744375309318,1691.7746717199648
2530.589320212435,6615.937758106847,43.09623725663263,2,0,2,18.708315962336314,1473.5118547510917
1360.67349079513,8616.647802456644,8.084922636030766,5,1,0,1.5907214948651074,1312.5502498533922
2520.228524997205,6089.049459782109,46.9931527388687,4,1,1,24.176288519892704,1372.7239926553027
2149.791117687263,5961.1933866084855,31.29933515256364,6,2,1,15.442460122548336,1313.5282254756448
1831.2885655053653,7933.527823835863,10.180063826877111,10,3,1,8.323272172619081,1628.134018273873
1921.7116894490914,5911.433670506371,9.58654083903267,4,3,1,19.819789168230706,1324.1785273836724
2425.4544561222815,8290.016593617906,31.11432408758053,8,3,1,21.651884031406762,1661.9103557295111
2152.287099169946,4319.952139410953,8.204898602312133,6,2,0,12.07990006301935,1198.7145173722547
2015.4213038016455,8295.353634688294,39.963631041524835,6,4,1,8.304779922935822,1545.649483211382
1579.4232993199794,7371.529704125963,34.34115289203112,6,5,0,28.67978524602455,1259.1657829715075
970.9543437804277,8563.185882295338,16.77461287103192,6,3,1,15.033616277888719,1327.361147160053
1572.4000460760099,10194.600064330498,21.653597927125812,0,2,0,16.78092305727391,1457.562665067886
1333.0380859874663,8595.86219241091,11.708111265534427,9,0,1,8.505192380550456,1462.8982688623137
2667.5388073468716,5917.374832815907,0.7143451059376638,7,3,1,15.05886092802517,1620.9420158686112
1938.6259346333527,6437.2517043642365,40.24685844974713,4,3,0,9.35472607181724,1278.9423586200692
2034.3101313627415,8519.87952102621,19.8501344438652,3,0,3,19.695627791121257,1401.120661275813
1403.1456073591787,7579.361441682719,32.19683227024665,2,1,1,21.794574082824397,1243.4626604377577
857.4336415239368,7191.632760277965,13.829517992598827,7,3,1,24.663681439196434,1137.0694483708182
1848.3835733458052,5022.023829185921,37.30817418870377,5,7,2,8.369159007407028,1165.3065615103853
2184.383698688961,12015.663297905503,3.0244442128057103,4,3,2,1.2843834093372526,2022.1949767404014
1437.2578463675836,10824.206477765194,35.37803962118734,4,2,1,14.84258812987201,1531.6955370969504
3234.6405229697502,7468.082416715301,40.18652381069822,5,3,2,24.254444965487764,1822.616373505619
1167.852645121041,6072.011288640131,0.19177522434606353,6,1,1,8.862768628178129,1124.9872653191253
2051.009498156939,11127.332261402478,9.968020342077772,6,2,1,25.244359315764214,1851.5927286194944
1855.662622698208,9032.03233682423,46.11514512617449,2,1,2,24.519611219793738,1361.635251607064
2007.8271706156686,7175.564716940007,0.2190435608252772,3,3,1,2.720309262542537,1386.4319694358178
2627.6213726659544,6851.6034870565245,5.131194911365361,6,2,0,6.319497093175571,1674.6262607990573
2804.9299907887957,9266.694396550953,1.8485318840200826,5,3,2,7.428233217509658,1942.9298021899795
2110.1205438966053,10752.125872203396,46.73180466032531,11,3,0,25.12177370805583,1771.664990187841
1972.6931113083292,9275.725776847476,14.896453241334779,4,2,0,10.308906448614898,1570.2766367425497
1076.755323544272,9011.711464803306,9.157837963702125,7,2,1,13.458788252009537,1475.176113987414
2650.5979060949117,7868.3697879780975,26.691719686105227,4,6,1,18.84892184977347,1756.9465379930061
2437.9024629498363,6331.87116421157,42.21352264998545,4,0,0,19.287856318257248,1376.382388368345
2206.1220698406864,8061.844144121648,47.944032585979755,5,0,1,3.025314091997149,1542.7972093532621
1883.6369701940505,3009.377377861546,8.431002027706269,4,0,1,14.079380017419586,943.0795504900276
1461.5463752183678,10844.50769091212,3.4038815212498355,3,1,3,28.11573797467116,1492.3712289018329
1838.767555920259,10257.5055085647,37.09634652854433,8,3,0,16.105251322088797,1602.4320127796323
2632.820524615058,7480.058119564421,7.100800393848866,5,3,1,6.569725870194244,1712.7313183046374
1353.626493427274,6314.237975385316,12.577170846590707,5,6,2,13.062247181966024,1333.4289709578454
2110.5117487348525,7575.014382580043,24.251322573003538,8,3,1,4.345366586673831,1634.4980152940175
2189.315226689081,7479.718368701273,12.595586250195867,8,3,1,26.84252420093702,1544.403387562233
1524.682623831113,5110.512320192607,28.594499384691595,5,2,0,2.1365036665057517,1052.1418766297402
1963.8594798082704,9546.861111571665,18.48735826728727,4,1,1,21.845829614861607,1544.6107542033076
1581.0280604145692,9958.654479120063,38.48194373792462,5,2,0,6.404032576001129,1539.7258658740602
2202.8079705939404,7133.909814077095,7.361607050250702,6,1,2,7.121741223019416,1449.7183580212645
2090.8192298587337,8649.944535731893,2.0745524652003136,2,2,2,20.805964560553463,1523.4752714405397
1658.3808648504307,9497.69143168476,31.94238546688939,4,2,1,27.087691213853468,1472.2187495157307
1966.9837001611922,8743.282899231172,24.69307681561002,4,0,1,3.6507511356324662,1558.7353258329972
1920.3667989691576,7402.723115171961,25.90462452144198,4,1,1,6.5691624524898025,1317.9270148566604
2102.7080192142253,8666.705663071063,15.853971960572194,6,2,1,13.970103040981765,1635.2516313179533
2108.988221967872,5707.051502715482,40.017576876706634,6,2,2,8.758513797496018,1324.0035714217756
2926.740156134866,6364.501463315004,12.039506275833684,7,0,1,12.062502819881642,1662.1379859600543
1693.0216924706529,7497.855832114707,43.10371507178808,5,3,1,26.27034096116485,1350.6254330566621
1870.6655653768553,10701.778358878704,10.158821652452776,7,4,2,19.61527377256169,1854.0741176630227
1313.7323810183125,7008.244847485983,34.90149683742425,3,2,3,5.862267685907982,1127.5909823178654
2237.053753020267,8020.473589658822,35.68242907101421,4,0,1,20.226834285682596,1405.4562263651526
2833.3377388072154,8534.930830499341,27.015479985007225,4,2,2,25.035860393500947,1760.4895402496022
2687.9616682447286,8553.403222524306,46.5700750067896,2,2,2,29.580204629926758,1618.6439087566314
1431.7663960769491,9204.984641125007,45.61435259095038,1,1,0,3.0075679911285293,1240.277672478448
2163.1106925775375,11535.08255996153,8.165964891413935,2,1,3,21.462638735786797,1778.031904465995
3103.937156648592,4798.847915642704,18.64733660091012,8,0,1,21.197359039680027,1573.3533799490904
1775.9755863668672,9174.690715578177,13.011753539685433,3,1,0,15.945818167477261,1452.5800503887942
1380.7978848590383,9239.880065725429,28.506269962495264,4,1,0,28.89652282310779,1386.5838637358656
1311.8808113859077,9370.743320245085,42.02874989617386,7,1,3,23.69710684271561,1330.3810302316185
2050.631900524201,7882.994040004534,17.814135986870795,4,4,3,2.69033456396203,1434.0974940368726
1842.0461625333874,4642.859914003706,25.84464810058619,4,2,2,24.324275260137398,964.5998145759662
1769.5821634734257,9097.622595352319,2.4636478849363543,8,6,0,16.623276145707354,1658.0892427493918
2773.323660661511,9894.466563011194,1.2097185643590636,3,3,2,13.573864673422065,1892.2250135975005
2992.1764130781426,2787.5761487127365,18.380127130234165,5,0,2,13.931279016080135,1183.3595740547437
1660.4428057543169,11281.233969947312,37.63030666095889,7,1,0,12.708651763026696,1709.0137249524614
1634.5724865508412,9184.414723418207,10.73410781559867,3,3,1,14.401923373694334,1523.692817899317
2204.229262974923,6880.543454704901,18.4665527712643,6,1,1,14.240119441291592,1459.3925075554405
2461.898440349075,11799.112912556495,7.2897176795394705,7,0,2,3.6182266544253894,2087.129396060267
1798.103938191174,7317.254265726654,3.666367826543432,9,4,0,3.0396753131077388,1484.455004398591
2871.216607892856,7811.393818926792,31.987011816651588,8,1,1,13.292760961837033,1833.5273976340973
1362.301334087844,7023.354647472932,35.758893931604845,8,3,1,23.716700780694154,1183.3639104679535
1725.2854041930586,8288.901568297857,4.547209642668648,2,3,1,3.6924090281087514,1402.4437611298727
3062.2534884054526,8151.860478920146,46.95414517929646,5,1,3,10.903950171457012,1803.5273553971163
2380.2947434550138,6554.599321508885,9.119152963698268,3,3,0,22.2487741280276,1334.9385753600557
2572.9467918922246,6305.503493365614,25.45088088372345,5,3,2,3.2817521271223042,1474.317174669298
1576.184005271327,5734.420411147032,22.995456710449417,3,2,1,4.860569381626227,1255.52594646598
1455.8782983443934,9199.742963273971,7.0855739951944,8,3,0,16.199097318051475,1427.6116666329099
1867.2575174374613,10682.23300688584,36.22446185293969,6,2,1,26.548181820162476,1613.0895824874588
2469.19773294486,5492.722302067359,33.354431883534886,6,3,4,26.757924640569577,1434.4741687562052
2418.589699545463,7770.059927984076,47.857878613730925,2,1,2,17.58923756401093,1448.9554455034156
2972.8478840611597,5337.381727442164,5.57177653798483,3,3,1,26.940224188863528,1365.784398015448
1738.11877842647,6310.153490249128,31.321677049132333,10,4,2,24.369057969391196,1356.9219892339922
2327.3703854994355,11166.164726638519,44.59247853431398,4,2,0,13.739381445397337,1852.2038650232328
3074.4255711252035,8409.35904840518,41.224060343680016,8,0,0,25.39371430138494,1820.6625164752015
785.6823469509939,7119.116134706107,44.27554831398939,3,1,0,13.232802849285996,954.2063573019743
1192.285754707039,10337.340544648949,0.9547721957636757,4,0,1,29.311950339963126,1460.7431769270074
1863.7979828113462,7937.420616402076,3.414662081141173,5,1,1,21.070952038928883,1495.6675766616893
1247.3000304583773,7837.088955074455,40.692210299001836,4,0,2,24.511938275542203,1191.1096287525243
1635.5004130253596,7217.414474455338,43.149701192833625,2,1,1,18.015355509248977,1162.3584255277533
1316.17509616758,4125.594149236616,49.98139589296862,4,4,0,14.741601058463166,868.2681460631067
2012.0649165544273,11811.802547959021,48.981045119596594,3,1,1,6.255083488452229,1824.357420507019
2957.640385082549,9160.990156280946,5.582460270131601,5,1,0,8.246860933338354,1866.967141332144
1142.871966285786,9906.58602116388,21.447114395199492,5,3,1,5.491812108708544,1414.0582407605218
1788.3310697236734,7202.005378528828,18.56935663811231,5,1,0,27.252290245303147,1332.0509725081806
2016.3540302955432,9402.36490338924,14.058062365689445,5,1,1,17.016777318085218,1682.9663719854545
1727.0411272443055,6275.779040436886,41.02177691703267,6,0,0,10.362125574707322,1279.4989162169109
1131.8647589728303,8926.131392207693,31.593504124765857,4,0,1,9.152878604101451,1238.304784043813
2628.7408178638398,7374.555587517704,49.33264302187486,3,0,0,6.802849594105265,1561.5945036460214
1746.7905395478838,4940.532234478505,35.234120521390686,7,1,1,18.44870565423863,1121.177853721477
2363.6799870979335,4967.54743530091,32.56552051909184,6,2,0,8.32399382451517,1199.2420843172017
1885.560480100661,6159.741646609936,44.590802406192395,5,1,0,27.375283222559677,1167.5418950582443
762.9520577412218,8138.965070139551,7.624165334419564,4,5,2,24.30728650988491,1168.346716626058
2928.2813939182606,8229.928726275524,40.68958830679649,4,2,1,18.51910964167342,1770.6630767355505
2016.4419858263905,8266.586935378182,10.409434151648721,7,6,0,5.978814859642282,1691.7890362916044
2406.212817057947,8163.302022789063,10.916052766915591,6,2,1,4.528190842692668,1668.1730029814375
1463.8569155686037,6650.623774920837,21.857739102737604,2,1,1,3.9928395006734037,1231.6771904501502
1913.0528906993309,8365.061516734671,20.18250268988392,3,1,0,4.619714755488943,1486.4361241624417
1618.1547992060266,6815.056933400689,33.989834266669824,4,2,2,1.8032010773193206,1258.71563809936
1476.6890766981742,6356.944602526373,0.1782078330977266,6,0,0,25.665735047155394,1034.2799609626416
1813.9888832217982,5690.1787084267635,41.48938497219288,5,3,3,23.224923181818166,1106.8306754311818
1928.8147827403468,6984.933197255859,10.933368797284354,8,1,0,8.987465176232977,1441.3827041598472
2384.525936308687,4863.055748545258,15.631242006227636,8,1,2,21.49836963104246,1295.244134860658
1561.258483003616,5346.444090587536,40.73080371794149,3,4,0,1.9508547963784082,1085.2598950374982
2125.524065982697,10021.636757933882,38.23505993099508,1,0,0,1.4838529739662825,1576.8499318384402
1883.4565060751206,5814.16237681952,22.047505344686176,9,3,1,22.36967088163355,1337.9638002788986
1502.6270029020175,11075.311309489609,25.107854265796036,5,1,0,23.42674949132912,1579.2925830629351
2371.633732217727,3869.0257075281133,11.394979301229185,1,3,2,1.576296158503626,1184.4171229226388
1979.63799965656,7037.501341250395,7.956396654529524,3,3,1,9.044256515504557,1334.280455360317
2739.0839521643,7970.137120278018,19.766284456786543,5,4,1,20.34604283567236,1799.0990923540403
2029.5940603771,10049.08741595009,40.13524616106193,6,1,1,19.23765163275192,1736.109017209133
1699.8222300418001,7107.44450787631,18.511758814667758,5,1,1,23.18747995349089,1221.2223734839265
3044.8416718053195,5728.7977209162045,34.009165191262376,4,3,2,20.357211919969984,1566.0217138111666
1650.0149713608998,9311.455127183817,21.652157810230783,4,3,1,4.17435391971263,1515.3577349345205
2318.3829467591336,9876.921547706206,14.950912600335148,6,5,0,5.284397015763403,1855.1234036713686
1965.944358884691,9335.115596212858,22.71892988196205,6,3,0,28.691517101521622,1506.232256655882
1493.2406717984748,10810.858321261909,39.30901208297144,4,0,1,21.77679678636063,1470.7730031416188
2235.7152666873644,7892.150388557425,5.607108507353026,5,5,2,7.3860090391450735,1526.6131039171448
1741.8243994234347,7546.346012882032,40.53357592403476,8,1,2,3.4612596934483175,1422.1444803313198
2893.306039079049,10331.654324377421,30.043997785274275,1,0,1,14.240712869920063,1883.8255833847306
1681.8296097776977,8133.825885964249,43.97117776607237,4,2,1,2.659210298192875,1347.5438391190926
2482.368913834461,8349.688517464187,4.861204043381296,2,3,1,3.7463549406805288,1760.6580233290615
1655.2977372041953,4372.163360175937,24.37309157055289,9,0,0,29.188139162582605,1057.7300925373759
2392.146543863894,6922.550126757976,47.413842724778036,5,3,1,3.3280016146555287,1411.6919161808512
2062.1456049880217,8453.069861508557,10.823418647685761,1,2,4,3.7415501450878477,1507.8710385534553
2551.3023313998438,5110.35973346467,25.30634423738875,4,3,1,21.253109088913032,1390.661714967145
2640.8300464803983,5182.5834291896335,4.535391916748183,4,5,2,11.443893781608912,1431.6659416276982
1208.5862432947215,10918.717337196682,40.557906955393705,6,2,1,10.183191877668344,1588.659265780726
2291.2020851163775,9773.081694045664,40.960098395169,5,4,2,28.675532670800248,1733.3819008516236
2259.600682428365,10064.856461570427,7.0599794529304924,4,3,0,6.7835192225150305,1810.8794362774677
2911.7643862414648,12183.033150349358,31.145007358460663,3,6,2,19.30291126874576,2135.343734190523
2286.1203219269905,6202.383693829784,14.103227854845862,3,0,0,29.484602968600193,1262.8782713255887
1583.3595643698352,6409.88878325989,25.229532745103405,3,1,2,4.62469884213593,1093.615996512673
1656.8940238355372,7795.28893057478,29.85729050510856,6,1,1,1.587453666837739,1455.5645966534
2512.0281560511175,9080.25459058928,15.190833216699595,5,0,1,8.376011985775719,1797.5983025058017
1434.1743301346169,8729.536004760881,20.899371975302124,9,1,0,28.524412803221825,1415.0702696947374
1713.5315122075533,9732.910403989252,38.44301305825776,6,5,1,1.92715529478758,1637.5563262903595
1827.7793500329637,5662.186533795355,24.04137765596402,8,2,2,29.416573407994687,1217.0694444240619
2933.646224694555,7360.039720640972,9.657877459441904,8,3,0,16.556482243252688,1839.536630112461
1984.346258596906,7409.572533309927,16.527668577058556,5,1,0,20.321816332005298,1425.6268365354729
1987.9785133095136,9105.350351317917,13.764967420483831,8,3,0,7.33008566324553,1698.0702105158296
1472.2453181526107,5169.445495890119,8.00721485663043,1,2,2,27.678396488814517,885.5357481385215
1861.211686104079,6076.913097395529,39.276478266090656,3,0,2,29.953106619595054,1141.585604010846
2462.1335301127247,7086.309787155882,20.638218512225226,7,3,1,5.582359324296552,1622.5260599690712
1767.2188223604185,7858.877659115844,30.378867637785913,5,1,2,18.96999145064278,1442.0781324183686
2305.324225737289,7248.098095883169,41.42100227827041,3,4,2,9.553770012991537,1408.1532372585452
1838.1503777796456,10866.987575331452,19.726415862313516,3,1,1,2.9820129670214217,1670.3025254643771
1257.1388531877942,6823.783134178884,17.700165756150433,8,0,2,10.742252490992067,1251.397814012023
2584.050679386264,11725.19323890551,29.25917188020294,5,2,1,9.359338965066138,2107.887574273428
2653.365058594577,9431.822737711656,24.160740358610216,4,0,2,29.5489289039737,1704.7810750811673
1962.6003073839947,9080.195150508587,5.7614195983730685,7,0,3,12.834866555628683,1724.37004173479
2360.1731429740826,9384.17717009928,26.0045923630363,5,2,1,13.062727032633633,1806.1192812750173
2825.7131707500203,8314.113503653547,49.044555647218836,3,3,0,10.506275250715795,1725.466104912469
2106.8471485104974,5486.865586081942,1.8578867158256185,4,2,1,27.49004960544945,1198.2950410267497
1974.4913317817234,9723.674093359552,15.5696020347516,4,3,1,15.927405214522224,1649.546204570361
2429.381165062259,7637.441402222812,19.51800085086179,2,1,1,15.598200138665014,1522.6195312527561
1967.644462038374,9513.215248048524,29.825436612572393,4,0,0,29.250945778367253,1492.384717775655
1808.1162661424514,7771.661180643027,35.26043530013706,5,0,1,2.694567529025889,1351.7583453300447
2135.5231256452735,9175.513293691582,29.79495561756601,4,3,0,9.360237620641072,1699.8283407461024
1815.028147977217,7814.345290472903,38.68666147078038,4,2,1,4.215440553979976,1331.795899736324
1322.849003069688,4750.65125330664,17.609870610358975,2,0,0,4.493584980507226,921.2524298434399
2103.144289325093,6654.238194715518,44.706962156620285,5,0,0,23.995371368363756,1281.123749839262
2628.1178518157944,10355.847253731128,37.040818274092224,2,1,1,16.881622437220532,1848.4333583615978
1758.0615155903533,8599.232852800398,42.11229812893673,3,0,0,3.292092374244236,1477.6894982484325
1873.7590735961983,9890.672807313193,49.97406805858601,7,3,1,4.986072662424467,1588.3745740599563
2052.980488528283,10091.495807338164,8.55561273307095,3,1,0,28.94667149285653,1592.3595714171831
1973.5911706242648,8057.478908321577,46.56833981032758,5,4,2,2.3856809499927643,1449.8880864264368
1756.1290911241058,6651.917708447807,14.647692845356996,7,2,1,17.98134656478613,1225.970141917712
3091.984089826036,7643.403193953221,39.19345653068837,2,2,0,8.190574686739215,1643.7924109265593
2762.451887247646,12802.51788469729,37.710648580487685,4,1,0,14.734261644889996,2152.0569421324594
2161.135496331697,10815.413122016953,42.91282907395125,5,2,1,15.139521625878022,1780.4477049263396
1797.8566877086607,9037.457598391577,37.744825989354005,6,3,1,19.524489837827815,1533.1242857772697
2529.9814327874337,9653.54575869011,49.0530929182169,3,4,3,17.732324222892885,1836.8869423655553
2326.5235187497155,6327.507737998358,19.87954952317235,2,2,2,29.813838637835122,1356.3791557186069
1164.0132292321714,6990.2568174753915,48.17852569144143,5,4,1,4.570528845233342,1227.9786455630656
2225.2397686852473,7876.010275327164,8.725467504038326,1,3,0,26.137622340725137,1448.59073214988
1523.834208043075,8642.356558456175,22.6611197711665,2,2,1,6.235577417962533,1305.5174738195658
1969.88728218656,6099.42904233897,5.4120463950501465,4,4,1,21.176217656507852,1314.7506454507293
2397.621022787714,8174.439688439488,42.249007478636415,4,1,0,6.576157202668208,1407.0083338613197
1448.348053232542,7885.800185705628,48.76441854085314,7,5,1,21.210453849759844,1331.6736116481661
1829.5388388750969,4793.51332546589,4.3531933552430235,11,2,0,8.016301158469764,1288.7511533617903
1959.7933158252138,11971.046620821466,32.29140379707538,2,2,1,5.864316718057825,1714.3781846279605
2726.4809208360716,6446.900056531473,12.550250773888088,5,3,2,14.139945772616874,1538.6886109800103
1857.8379347545995,2934.3085754345293,27.681015461509297,5,2,0,16.803929685591235,906.7312686304559
2282.4851836545504,10140.626311759399,25.71379826756692,11,3,2,3.533407306306346,1988.906269537052
2187.4957142541634,9222.998841957728,27.647556353891574,6,3,0,3.361560153473599,1707.744717906999
1004.4718699518094,7608.7212388584885,9.37949341279049,4,2,0,25.5182572659996,1201.8589018724936
1841.5303633282733,7285.8409571397815,22.546473529546834,3,0,4,8.227433833594922,1294.3568068760164
1915.7972511371806,7462.9488030823195,34.421585600900315,2,5,0,20.635182653733036,1298.0309801844005
2153.453588282664,11404.873506200634,21.141949336121247,4,1,0,25.247301615087782,1822.4951849724505
1661.6597956101682,7538.346741911124,31.989954190518816,1,2,2,17.532810003036083,1251.6196953173887
2339.5295278689973,4950.596337660226,26.02112049339056,3,4,0,14.608138722420454,1231.39851900097
1705.507788152454,7025.141340757296,32.318735557496645,4,1,0,25.8649296275715,1199.283252944026
2784.2257201630446,9042.496946133933,22.547853654078416,7,5,1,17.504775045251534,1780.871403334032
1309.5938739208123,8165.151184923433,49.27780715709105,5,3,1,15.390101617323523,1233.1337356998845
2329.193374306141,9672.537179696179,36.036825701283504,7,2,0,15.758534997685366,1709.6751381924678
2693.1844569203477,5381.6089928346655,36.31431806729092,5,1,0,23.38774575690166,1330.6372214236549
1572.3869636010072,7438.715193475808,5.2246348137221235,6,0,2,20.300489435409833,1341.314147338266
3080.244749235282,6302.61093608715,35.005760349329584,3,2,0,28.105358862614057,1506.4538606732942
2061.8062737315604,5398.659773433828,3.007941100838807,2,5,0,1.9120568503045794,1317.2099512090533
2139.328954280389,7826.85802434143,45.79759855388492,4,0,4,14.282568061520852,1467.4362914011158
1235.7924306034902,10973.049263214762,22.239807512201065,7,1,1,26.518092462563857,1578.7309338940645
1641.1166954399241,8514.721395854265,47.632239428077355,3,3,2,18.59486453698351,1413.492442325486
2293.4790639742496,8528.606331630324,41.76141213365715,3,1,0,26.529864602161453,1522.6449464713937
2106.2841464449443,7309.0608679837605,38.04144529828072,6,0,1,3.588101796725838,1388.0066907835812
2639.2407508898677,7579.444500932262,23.06095700568605,5,1,3,9.207980103326088,1640.8522194058453
1427.1329238821972,9208.922358376589,25.666615054991322,8,0,2,25.04013152916356,1411.3804510143336
2115.333671975101,6040.440031145357,47.119637590361776,3,3,4,23.8703963483081,1318.1695545287823
2565.2768616234243,8845.831320099775,22.72505418473155,6,1,2,17.969129600954666,1725.074036367275
1856.4801712726885,6454.358709809093,10.14231547754132,8,3,0,12.252754195206212,1345.4506148720914
1260.7600090513897,7132.657959448379,16.07656591528051,4,3,0,16.62890346378567,1139.5953226086863
3024.3997005271913,10265.775778068137,28.503266470506798,3,0,1,19.33975838293959,1893.3858987294175
2118.52486948378,7488.734681137327,33.17800522837554,3,0,0,7.728521742139258,1409.1689093487323
2600.688904658016,10572.658698514117,25.980932322599802,5,3,2,22.211890847400273,1951.624168469171
3233.539802018896,8451.747505787584,0.8650709583066629,6,2,0,8.455343869841364,1926.423002003647
2025.0585978822353,9451.974240481482,25.591707999756174,8,4,1,29.281136078784918,1618.3381458322272
1959.9471046476533,9828.852884516336,21.650936140674997,6,1,2,20.943521239860207,1628.1850533257157
1915.8800636510878,6607.696068663352,13.140761348279067,3,0,1,11.259050003468323,1258.0118733113945
2264.202360417209,9766.507340588008,44.18692612266058,2,1,4,14.856690561626907,1718.1690266310493
1807.3184878397121,10330.888114189336,40.61469520145562,4,2,2,2.106926345809698,1621.8528554408142
2942.6573665170426,8335.81423213564,15.507633707695323,7,1,2,13.881417030644375,1880.2153412284774
1914.0331182799782,9527.926632118026,2.262636428931036,3,4,1,16.747037471391003,1619.7253891317066
1560.3014154173652,7200.809675448534,41.55673029972895,3,3,2,21.787521061845542,1183.7694346247408
2356.458938823463,5249.73225670273,35.125648944672186,3,2,2,22.38884887255877,1182.1460612730227
2522.1346892950833,4930.761112735879,30.10443809535036,5,3,0,16.65248103186899,1379.0805543468848
2444.619914154149,7602.381221135142,38.039846837511455,5,1,0,13.871359903274188,1536.893545469836
2064.9732963120555,10461.05268319269,37.66795388070947,5,4,0,21.783126722408273,1706.1441237412882
1231.8281640937616,7528.674448322374,33.011517838633345,6,2,1,25.154065919389655,1207.1426066847723
1440.3556844073528,7822.724860785081,35.436097752079974,6,4,0,23.66560835687704,1364.6296203694465
1660.738024863423,5168.957286976734,33.97065351020473,4,3,2,27.841821474886032,1071.129302753019
1979.6669359613898,10716.59228358782,21.756398053888304,2,3,1,2.624401360659486,1761.8109258485888
3012.1029390104477,5274.149640223344,24.250183068450077,4,1,1,3.7965111598194614,1467.3049386944301
2490.671153525363,10933.632246998142,34.38953425774853,3,2,2,27.20393667436221,1902.9180264035274
2673.7112258794773,7562.5691774399975,36.617455574514146,2,3,0,23.774814315890445,1484.5122879087064
1910.3611292253374,11522.943517801714,42.212960851347695,2,2,0,1.7776516060048848,1758.277793047874
1679.2341477967123,1865.134542855184,22.16342795708724,7,2,0,10.2532079186844,804.9737179892954
1937.8602476949898,8999.49407036242,4.243628324849019,3,1,2,12.09751557981582,1528.9269072292523
1767.7545791477273,9449.556019161788,41.95119472327591,7,5,1,12.141828584188843,1635.4098853797227
1068.7350913003224,10864.830215022774,49.91775894242304,5,3,1,8.941222052562154,1453.7364704862987
1486.1946253337085,9097.401509909496,23.92754261593112,6,1,0,28.196392010191303,1430.8189856070337
1086.3099837647433,7622.867795435432,26.740515873192894,6,6,4,21.594999302177484,1207.4860223650871
2481.8913080476505,6747.742555953593,43.97752137998097,9,2,1,19.564776861146434,1552.118404523226
2292.17189653864,7079.058943519856,47.68884584749517,6,3,1,23.088575361358266,1516.9479893516943
2283.011218048456,11065.73311607598,12.687956468026018,5,1,0,22.912087659843696,1953.4250539026102
1931.061393539952,7907.026477025922,6.367132800686553,7,2,2,11.721385999619002,1619.7098965322336
1600.5355455273375,8721.36930234954,9.69677658153577,4,2,3,8.216529869365411,1377.4944246920513
2340.8926211137236,8777.968683795267,15.223194098808108,6,0,0,16.143841690082866,1632.974187422821
1201.4883307065943,7691.723345062106,43.09838579263825,6,1,0,21.9265920317834,1171.3735403503529
1994.2072769095066,8915.775530494766,36.94121893881794,8,0,2,13.801897526819605,1527.270999508866
2202.9662492557463,10556.226198562785,29.559364101054484,4,4,0,28.333464256353125,1754.6581931023322
3542.7568702895114,5600.745451483909,36.24816681011512,5,2,2,21.145039003746156,1656.5887719567934
2011.5676168559949,11736.481533740422,40.346597513319665,5,1,1,15.604569610058563,1730.9296428762807
2759.2255537520314,8351.36413624887,25.51069284537315,5,4,2,2.3913920483746396,1843.1992471415563
2139.879774204261,4267.572238924193,3.3497015476951777,6,0,0,17.537680945409832,1128.7164621970874
1786.0944573011866,4943.751925377363,42.40904733980842,4,2,0,24.766834432492352,1094.755940931702
1556.2755289513682,4415.201014044631,22.20342485218916,1,3,0,14.559467350700892,859.763487905087
2667.3388724061497,8594.600032298942,30.054337431863377,5,1,3,23.51873365437571,1701.3004730473579
2167.9791671474677,9176.17677078226,11.8599124652918,3,2,2,20.41823459926924,1589.5922214960237
2409.3066802893845,6573.89589435706,37.015983726939204,5,3,4,12.935966550487407,1551.1029378863032
2400.716726901548,9367.943542413905,42.415921698924805,2,0,1,24.66728081949186,1611.4172065051587
2049.046369560023,6651.859254119179,1.090579111972273,7,3,1,18.02397984716655,1363.331765004123
2176.1262803909285,10099.36970205433,41.75519210090005,3,3,4,19.69460930223153,1698.2779357320892
1727.5519017914066,5172.508663745952,33.829874992429886,7,2,2,22.401507353444142,1059.3652893052245
2090.5872172304353,5711.048107674813,31.875606633273918,4,1,1,24.595944946171496,1224.5032896597784
2365.8272203531515,8186.9631118094785,30.713747392850248,3,2,1,23.701570578421027,1456.1632332038484
2123.735244387347,7196.020581771136,17.22023991406661,3,0,5,4.515926928148794,1404.2873475046224
2106.7246948841175,7565.4511943261505,22.74766554569293,2,0,0,8.824030600412758,1354.8335861261464
1666.003374544358,8720.22745403742,41.68558277845467,3,2,1,7.467291382378875,1292.0833191073239
1646.1761128406076,2897.3001824128332,13.558959634847072,6,1,2,6.318043925283058,837.3065732652284
1652.9753275377263,7437.270104875224,34.44453073884476,3,0,1,8.569729287345778,1328.516519380079
2119.971348400177,7827.997958385499,18.649288954553768,3,3,2,17.192565195337764,1459.027797737677
2018.854246793652,4819.608064429829,44.978223092279144,5,1,0,16.95546327636677,1097.6566857421867
1795.0176631642735,6713.252481671541,6.6821808433775605,7,5,1,12.541038724840734,1373.1861628162233
2101.8463095608217,6917.455146048011,0.5465527454245722,4,1,2,27.332406054948134,1382.8157426148991
1976.0794824535571,10758.79393816171,10.05237714961006,5,5,2,2.781786287437887,1840.0499283191764
2625.875864213675,10323.267233156137,47.400806790282516,6,3,0,4.5506418465535265,1937.0708190190946
2528.163176610368,7952.138681243232,26.550894504145333,5,0,1,16.657239263619687,1500.669091967731
1760.4112988232314,7971.862686449538,34.04195581960136,5,2,1,21.082223845231137,1353.6128332186001
2435.6486153131345,8364.208657618205,0.1964941237868667,6,3,1,7.782986355524116,1788.31126414662
2011.5165502322182,9088.050277469283,34.02396824799309,5,0,2,15.366986513117437,1574.277825384914
2156.008430373727,6270.034807005335,33.51879296833606,6,0,2,22.546065677958506,1271.0893078326112
2469.24242059829,11575.09034087271,9.299474131253543,4,3,0,23.39642077755859,1934.1318384531337
2069.109167746009,11432.03412864585,9.558674827495262,4,1,1,18.165235684235792,1765.1424212564852
3220.040539316232,4214.664508711022,37.12760155070308,3,2,1,12.335081370571215,1374.9779541733803
2105.8049701092773,8135.1047648799195,13.858694009271238,5,0,1,11.824183216796827,1577.0099338473865
1533.0296872910353,7619.141692758729,13.209576764898245,7,2,1,29.07001366784015,1293.6163076318105
1314.781831470882,7368.260858142551,3.97438396880701,4,1,1,7.25732040178254,1231.1259848514544
2476.6470276856676,11080.16753079957,41.354566034727064,5,1,0,5.891701925068108,1845.179289577037
2478.747381606753,9997.204692810103,31.627928310579005,4,2,0,9.020332961698008,1746.954045822857
2166.412623655037,9847.796730168946,1.0155122363416202,1,3,0,22.824176842208637,1602.3361310829234
1648.0344876134857,9932.92538131571,2.960379419071196,5,0,2,27.975596037086436,1588.844169084923
2595.718293461157,3830.978385765957,16.928843984653863,2,1,2,4.899035604042006,1197.719901564047
2083.714069651859,10334.27646921403,15.306704585298903,3,1,3,11.06449367801198,1681.113799034662
2102.3187696503314,10087.012990899928,43.73808862362556,8,3,1,23.06651354734092,1725.1937202218492
1997.4201722952089,7906.937664991574,28.473023969378648,6,3,1,20.504696355424148,1448.7413854277263
1814.0726324542738,4600.799218731874,4.68095788667931,7,2,0,17.346947033593853,1126.2925739664074
1185.2247676178465,10291.226484116329,4.717030024420055,5,2,0,26.153595640293908,1465.6892463977094
1492.483137715835,6828.291705103118,32.075312058867674,3,2,1,6.449415697848993,1163.001794723601
2483.1418976480077,7517.085137976705,18.77381586975739,4,6,3,3.4532995248537155,1717.8272189017757
2097.2696243589075,5694.452464949336,47.03711503931205,4,2,0,25.822093495367955,1222.5950318061489
2427.421800404,5244.545460513276,7.983850665057924,6,3,1,21.967081984063068,1379.686809129108
2487.68706043237,7553.273932621288,42.52837027162867,4,1,0,21.881044691653504,1434.6247761833674
1479.0397482211442,5677.032962509606,9.104200911593995,8,3,1,16.212298440147137,1199.9218875477695
2104.025738768376,9044.948932926878,15.550220819399907,8,0,0,25.16394053866349,1616.10656371674
2472.3692651652414,9808.420536491354,35.48845129025145,7,3,1,8.499762322977762,1870.1622759647712
2868.3514198965267,7095.339270128738,0.45538853221084863,6,4,1,4.726764391579814,1696.7120974101208
3029.338030906317,13892.92582974385,28.79315589990718,7,2,2,21.3252258212075,2407.2590130942776
1758.8932151639415,6725.024260007036,8.97959220435302,3,3,0,7.039533990346744,1329.0372462617238
2239.705312624837,7684.656801594523,41.95764501386108,2,0,2,20.08371923914556,1431.9416521821447
2742.5591986431764,10556.284869914409,31.41603192947387,7,1,1,5.282713513489733,1933.939194280394
2640.9473890426448,8566.779987366785,31.809197404720884,8,0,2,25.75847768681499,1671.4250587602805
3023.9895269921853,6412.562963464296,22.542866933852824,1,2,1,3.1141168855580865,1472.780525275865
2627.0266666863527,9708.59519101295,25.099711608343593,4,4,2,16.6465957146808,1888.051852992308
1268.999385373666,7131.87038713992,48.531280734151615,5,3,1,21.50633642859197,1039.4160511662958
1879.9101090288248,5714.943821122044,35.56279483771669,6,0,0,24.090256082948624,1034.6383671853766
598.3888351089065,10911.74547408602,30.131411604917087,7,3,0,19.640787552587764,1343.372505382654
2855.4892307452483,8233.860187644472,40.669840642416276,5,4,0,15.343721427333811,1708.9698478656894
1151.4236779699663,9396.52606587492,36.4503281382751,10,2,1,7.370384818072484,1542.6608546101309
2291.6333138649143,7974.996132615544,5.67379008400572,3,5,0,25.503926900343163,1553.5225927804045
2938.018957555532,9159.20609736022,49.4154581360782,6,1,0,22.702007429492177,1813.323522204156
1128.5642790132574,8312.72878805054,5.828753033864192,8,4,2,5.95018643196892,1363.7582909569676
2130.0375682627778,7268.619372477924,38.209646402293835,6,3,0,28.82515780052232,1342.2294412801677
1698.912565525426,7400.14971641792,42.84169408576946,3,2,0,4.422685656161454,1286.029548677883
1461.882231728709,7803.461238559874,25.985331344618796,3,2,1,20.91095950807062,1239.5404430944855
2383.6226417849307,8006.904070940024,2.084785012086632,3,1,0,24.411048346355035,1489.9601560816425
2933.081595269612,8866.289742823024,36.93667244149426,4,3,1,23.28430147331391,1780.5262217754916
1685.1168791649607,6045.3993328321785,10.25547483687152,2,1,1,12.124326366528889,1125.6694057123777
1594.59962273839,9659.515381880432,5.233672088222563,5,2,3,22.329280829644965,1510.7067931369925
2881.310388218706,11777.36908800634,18.029807409009656,2,3,2,14.41462927971004,2135.1646898438244
2788.8752757291877,7295.734887882743,40.447517691012436,0,1,1,18.86081815180467,1387.5311940909414
1704.550113438822,6674.981850697535,36.73101253346809,5,1,1,7.821405247891047,1242.126123298482
2184.706264856201,7219.670922104873,47.56964444430242,7,1,1,19.737823837998935,1496.5353055603723
1971.7876698257112,5994.602816292794,15.113085982262813,4,2,1,8.82852825777832,1249.8934384703848
2331.8785229849254,6513.457924817116,44.81922752852349,0,4,2,5.259126308767617,1333.8056915321672
2416.9213231019667,5054.897486528711,26.361447113050335,5,2,0,11.737976741457679,1228.2434351025493
959.3753606470605,8830.825832837803,15.11546777205967,4,0,1,20.96522396168294,1216.4893468369082
1743.5151788874514,7924.9563918926915,47.9019047395657,2,3,1,3.2121797826395992,1321.9147095639448
2392.1745982628686,5878.123493771199,4.57657125882856,4,1,0,16.70171088962273,1459.911487898759
2262.148805627749,10308.470962261452,31.31584352879832,9,0,2,25.001738408760165,1852.6904785281647
2655.7626491809747,7857.888988689182,0.7306388442681555,3,2,2,24.273443506651116,1653.5399402191692
1384.8030901217467,5323.629508336851,30.80608941703215,10,1,0,25.705108884368457,1061.313748809773
2522.0481609950493,9493.031082334928,36.648153276721864,5,4,1,3.655866721663912,1869.6232719014329
1632.6328257364569,4993.726531482649,44.06033949102583,8,3,2,7.923519301617808,1194.5743297991294
2220.2577117690025,9884.332451680508,4.161858813968866,5,4,3,26.65102225696867,1653.1485018680878
1629.0709714584402,9990.36412909785,4.2402807259305675,9,1,1,27.446691682164527,1608.0998568869195
2077.827370484326,7808.019712800786,11.968855335749046,4,1,2,9.138322762339985,1480.5417414412364
1944.6846237685575,14003.821935875976,2.595607599790628,2,3,0,16.344459444778664,1972.1137348171217
2689.1125531171306,5488.537120906553,32.192917645203934,9,0,2,2.4189475112798315,1484.9043573487697
2218.980669195081,9210.486725943645,43.249220550303725,4,0,0,28.841884127165766,1656.066131195632
2238.230722371542,8763.08075238425,6.039798038846866,7,1,1,4.488378971867005,1659.9310227819246
2663.4635749786157,10818.06324600624,9.697703882185765,8,3,1,21.488067362469927,1999.1568782789186
1614.2733577602016,12466.12933392352,45.007241932731205,4,1,3,10.762803801471726,1803.8349391178062
1997.9623454411392,11269.78181281207,39.37107999347391,2,2,0,9.596849811979817,1714.318288170496
1864.9006058049417,7495.771697016283,46.15016623345885,3,5,0,14.489158995152875,1395.6009336963718
2098.9079677046648,10640.400557930583,6.897213744272773,4,2,1,8.929414002504446,1816.7415240657701
2869.2056601935938,7959.798715195001,33.375292709380155,1,2,2,3.06935726352011,1672.2729134443584
1349.190924702705,11126.653275997707,16.721826421180776,6,2,0,23.221603511269223,1580.3583421631322
2126.619098007647,7400.24386114455,34.32446765683713,4,2,0,27.43031151067208,1468.8599559240542
1791.4139410269813,5112.413381650316,7.458121912811377,3,1,2,21.598213482948633,1087.8026451621672
1906.1071477717846,8877.453552574309,9.838840362501077,4,1,0,20.51580680906306,1533.7533348734341
2539.321044952078,6979.3489559970385,10.190432299326302,5,3,2,9.929755995106973,1534.3687242846977
1691.9692891823665,10528.026104032284,26.365438791385152,1,3,0,21.788248913755776,1593.0411023585482
2308.3733035904015,6502.72156767651,19.00468178446273,3,4,1,24.64737965209206,1356.2786699778144
2030.0108061175738,6243.225861756497,33.53920166930918,4,1,2,9.989298308565784,1285.701453753288
2188.6716149047297,9057.027962370426,29.797685897730382,6,3,0,6.536199548174913,1649.0183347364
2034.4507941449845,11649.708179381403,2.140212814186959,4,0,2,17.912852246864986,1787.6589994902397
1542.7390128656598,8947.7605915685,42.61299049931347,5,1,1,1.927723191788234,1379.5933912129713
1522.6513887127655,8015.409965628703,42.94872689072615,6,2,3,27.78260314723539,1338.6210594245313
1672.8734002156361,7045.631288749578,40.682158085303186,1,3,0,14.835481813181161,1152.0780047183741
1139.520130231048,8052.313508742219,41.962302116727294,7,2,2,5.983053474658795,1235.0717318694901
1304.3052522815715,8765.387626954029,1.441810220610501,4,5,0,25.99443266920548,1266.911480732743
1980.5359582728365,11664.189742497807,38.630450949885386,4,1,2,15.571496752444414,1710.8047896158032
1836.3974936937384,9346.866181255107,19.24330717921181,5,3,1,10.730766488089664,1658.7146938822968
1876.887671119021,6608.649229605755,5.530789526328606,7,3,0,1.8522628467664963,1419.4878199237717
2480.690817468057,7702.300821595904,49.93764234006748,0,3,0,20.2177518379279,1441.8658050180668
1596.424691022684,7815.511150610946,32.912046464621056,2,0,2,12.936393806897502,1200.1730820090108
2069.938272803137,9269.633312945612,40.69930906536302,4,4,0,23.057697088706206,1634.550710683701
1490.1585970463552,9776.815362062795,8.35511914207115,6,0,0,14.381000538079492,1447.8910817242854
1634.793116940853,9668.753437230063,12.449192331082266,3,4,1,12.422149165750508,1570.400899379148
1647.7467853967605,8754.697836253905,20.335243352023998,3,3,1,22.57202009834078,1396.141135316653
2724.8417698271396,4269.906365385459,25.1210209512512,6,1,2,4.182627090391047,1308.4659638846256
2910.7871802785685,8849.01536111961,21.985761874577708,6,1,2,28.384506177605214,1860.62683627149
2596.0897784903864,1458.9240847962983,13.098634359087624,7,4,2,12.678950046506372,1083.9998982411244
2325.0174970987027,5943.375712832172,0.5261579219563495,7,1,0,7.004393758187697,1401.5387660474278
1517.9771128682992,7432.2181740179885,1.9799159328179938,3,1,2,21.996986815983995,1237.0753328534688
2859.6844297843127,9789.993011193304,33.088826852092,8,4,3,18.687908068430232,2051.4028392940527
3102.9972219136357,8343.638629989882,34.05006412599624,5,3,1,13.890201918216288,1956.1307969629063
2201.3833882929143,9635.39555573205,26.538839036597032,3,3,0,2.5815528374057854,1704.8843910129258
2082.9075264716976,8595.527417002226,7.817325497132882,7,2,0,18.541151121120333,1579.1460890438948
1735.3214596248624,10416.305400430916,19.93698298844584,9,1,0,17.070514855096246,1695.7011862724978
2443.8863697782317,6759.766680538001,45.606644419178096,4,1,0,26.728090972990618,1420.6892155624535
1965.7135863099518,6730.30709868938,25.453073235158026,5,0,1,12.187174832888097,1267.1044722056824
2271.837819608246,6658.19001513564,27.332169959444176,6,0,0,17.91888502779676,1370.7166705813656
1941.187365732743,5564.651387949189,46.3742966318636,3,2,1,15.215139032960266,1169.3666925658483
1738.0256083613626,9295.926139253486,48.49668863307473,4,1,0,23.636703505695753,1491.5865972266486
1461.1359094834338,13491.278029021245,34.26852381895935,9,3,2,5.88108345808678,2010.9735305037943
1451.8870195499599,9672.276181136924,23.06948475729343,8,2,0,22.499149809582153,1482.9170866116135
1110.2185239259568,5556.176376507635,14.319123125214894,3,4,1,20.79104271303188,907.9092218947937
2248.219368751291,6321.798793966614,18.17361681054171,3,4,1,17.936713621565616,1359.2605508860156
1052.9790039005202,8850.528951301174,18.868467798254052,8,4,1,11.336753038128375,1378.834785105951
1779.940872465145,7380.0787145637905,17.771549026381834,6,2,0,19.871800957816372,1346.956210896556
1859.980718942193,9457.583897407712,30.85260528839255,2,1,1,15.425054197076335,1545.0138268760504
1973.7188555597393,8633.761326223472,12.506149058097543,10,0,2,27.01484893090873,1710.3281887362323
3261.594924103975,7432.78790942243,13.121448650529539,5,2,0,4.7387727286517976,1868.5334352723894
1324.6620810937488,6276.868531112468,19.55049572047362,4,1,3,26.73579774006877,1147.0682042522633
1252.0680303015054,5993.792388868788,13.306517499191257,7,1,0,3.565301175486046,1081.0405530931496
2118.407451273894,11108.037686534775,44.84717491314616,4,2,0,2.5971266737680025,1795.4371615859095
1463.2437175817013,9477.159065227348,1.5411442408536091,5,3,0,18.25240375027967,1531.2186167485008
2312.1224328297526,6700.164275394078,32.68743326194086,4,2,1,13.251620694980403,1399.6217092582197
1718.9374684192608,8333.574798413523,41.00835509524242,5,0,3,27.954406791323425,1332.090306016847
1513.7416033809925,7928.681899009771,20.07527347502806,3,2,1,1.1215241943196326,1287.443967472519
1690.5681877154793,4840.050479807598,8.461838955956502,5,2,2,19.10468824053071,1120.3421428595047
2341.18852651386,5723.091292464723,10.676454469705964,4,7,2,16.080475597408743,1391.1840717529299
1453.6697000785025,5100.550858173475,38.684786290811736,8,0,2,21.170838594699322,1068.0703194942666
2037.4963711183566,10008.30499190209,18.21397112787027,3,0,2,24.717911713047155,1654.8586158915004
3384.507400728391,7320.405070466281,36.080624797005974,1,2,0,2.6138754181207386,1687.6425081727084
1178.3781209747372,7622.77842622982,46.87938307322009,6,5,0,25.838381081360104,1191.395737399804
533.7826606602998,9568.663798473299,26.280499033017467,4,2,1,24.737538079290747,1255.979937939844
2625.6215274909264,4512.748121399671,0.08474384497436649,2,0,1,21.377726151894915,1249.811681160359
2093.329537174036,10980.808017335481,16.513452479858586,8,1,1,2.688828490933989,1886.8620904729958
2269.4565011450422,4719.719467988625,32.27880700141042,5,2,1,18.559318737003657,1137.5916198793054
1911.9201323629757,8332.129820470442,1.2495180571118092,6,3,0,19.82669728070324,1533.317357908552
2895.4017550555163,7651.588811028217,49.814338489634906,3,2,2,24.980814324218468,1595.9616642425917
1685.7377351531784,11844.451899561582,33.56334672239733,6,1,3,8.867159931845306,1774.7232090226873
1306.4042372758254,4566.792081904663,19.129211708262527,8,5,2,28.39520450852263,1091.3131278678711
2018.526400498357,8016.590868836839,26.15236802554562,5,2,2,27.925621803100835,1502.605610380467
2229.3381592096134,9566.080083233306,48.5266974115532,9,2,0,12.399020316584991,1727.1429516086089
1987.6804970442242,10416.806114835674,35.959836641786445,7,2,0,11.728727177600678,1711.1899905808868
1329.187861934453,8700.628219786104,39.68058748516036,2,3,2,24.63613200274198,1263.4445772779561
1237.7817982788797,8957.71839617207,17.619367478692038,3,0,1,8.574998807668162,1384.0932778979466
1663.1761613714011,8442.505422328883,12.928557736271529,5,1,1,2.4807752655293873,1494.4478015778816
2513.737899293671,8715.005766788623,34.33610346527433,6,2,2,8.048332487302591,1773.6223171872894
3022.3825331558523,10870.112218299644,27.102945278043684,8,3,0,24.68767490232101,2116.2340596938443
1566.4646498000902,8476.934637214821,39.09495778458164,6,4,1,26.783541193873273,1354.1234596313802
2177.8506992882517,8016.457113703136,34.59643998188858,5,1,1,19.219141840717914,1457.4388309678807
2040.8146055531515,4296.523173631818,9.904846044271304,3,1,1,8.657097550866037,1092.8007368237961
1841.3214395841692,10765.285049780543,32.35427374272973,0,1,1,9.859350667049945,1505.507946741141
2595.951748985908,10265.089652110544,37.07289776221224,1,2,0,4.27634420102682,1791.3129749524555
2714.3651066703333,8606.575982809027,22.729710669161214,3,1,0,5.3738905879365255,1748.7709005016045
1651.0887498651066,9248.74629385962,41.07705004506987,8,4,0,15.82026196221073,1638.066325147812
1468.7950220241692,11088.45209901762,27.367622646445213,8,2,4,24.849389994263934,1674.1290559081367
2015.5400315105503,10889.393883809118,46.63246967328123,3,3,1,13.526967115190049,1791.8880532005578
1931.8893057968914,8583.139272511036,42.23943475314057,5,2,1,12.199209486521077,1400.1893586015567
1926.5015872075712,10380.8191738085,31.538513432517135,4,2,2,12.121306086070456,1692.674366177772
1475.8423124067572,6091.492474715076,22.066133984521088,4,1,2,4.15478341189603,1101.2754414224744
2623.0819688745087,9202.175847164863,38.4501200931278,3,1,0,17.317456606516124,1763.2351658763241
1769.2482231910217,10749.091304432335,16.200822296340807,3,5,1,26.153144954830136,1676.1601710407558
2088.3929598667128,10964.884540070272,12.817750669482791,8,3,0,12.110371726428726,1877.6666766981093
2152.6266467572896,5817.017300201963,6.218851405529197,4,1,1,25.69104957433913,1325.1469353015812
1984.538976269017,11134.846641238508,11.157530959684042,3,1,1,15.586051568485626,1675.8913224713897
2448.867800605293,7358.658174760642,23.230298424322164,6,1,0,9.345272065170047,1473.3379076267574
2698.446983678006,7703.997804703839,44.5347342817624,5,5,3,15.097715965542594,1585.3299520359785
2649.863784688417,7213.910075355398,23.70456025096527,6,3,0,26.417424415897425,1640.8054833357744
1625.9428129257583,6772.57480574458,10.218117665008803,4,0,0,6.120878294291849,1294.2645041142198
2066.7767280971643,6588.640102344012,14.681175714081895,6,1,1,10.080586124569187,1407.618751436615
2437.589757168006,5558.583258523242,39.769526757253985,3,5,1,23.234211495890204,1340.6305043778452
1720.604874816861,8213.881007409287,37.35719444496176,4,2,0,4.486750101803075,1387.2143213631032
2135.812349206735,7083.305746742057,47.54114770440546,2,1,2,28.973247619535318,1395.1219019058076
1757.7436542388543,7705.913966947832,0.37859124874371486,5,2,0,20.589506941150177,1446.5483347789739
1625.7886965560751,11366.73534382113,9.758497003651396,3,2,1,4.382441878008374,1670.7521496578624
2757.6458306961363,5036.129685630367,43.17487767154117,4,2,3,27.32221047522604,1397.0159935418724
2012.5383334924377,5137.105088687902,40.89262155840492,3,1,0,18.924561342479933,1101.1032599707157
1724.3406843343619,6111.339033243908,8.852581343677851,5,1,1,27.78506892383094,1227.0267846557938
2737.358871613568,9556.346267670038,44.06615902717535,2,2,2,25.88187548817475,1771.5331910797606
2694.185320641427,5652.801575273204,11.599547772129458,5,2,3,28.843945529857294,1431.2614145222024
1541.5014606374593,7443.17547113758,3.8228505296047155,5,2,1,21.99200385023271,1325.2733233148103
1260.4105206916583,4792.122172960577,36.157500435361975,7,3,0,5.2751101266869815,1029.259977628578
2641.0745964146054,8973.031757680643,2.5670218056492446,7,2,1,16.863221656458165,1832.2132452305445
1968.3082051436634,11864.030493528013,42.93499625984655,6,2,1,5.899161273837707,1868.1684309971738
1939.1439851232644,5352.880838573572,39.11867412096491,6,3,0,2.971830143877286,1251.5615493546159
1285.9368744173748,8570.321651764663,1.7720309499130338,4,3,1,2.2629182774999475,1339.1048679546316
2323.2142147161253,9151.372037299632,49.43730323011818,3,4,1,13.490393993460938,1645.103711170757
2326.047302564874,8179.94637450807,28.11652029507769,11,1,2,16.825416276990783,1716.9700311806266
2047.9729929760153,12643.821553992104,3.6862288647889763,3,3,1,14.081143286388517,2067.5030082974417
1956.8367440636903,9322.704462050355,48.819935530016764,3,4,1,29.94175663249444,1542.2791461440092
1842.2677100472888,9498.538431969435,44.01750781820667,7,3,3,25.971730085594537,1572.3435346186589
2729.239306093656,4620.318882184154,49.034475684300425,5,2,0,9.221511281018335,1351.5858514748543
1600.3549793225327,7453.966977538009,45.05604813999497,4,2,0,4.940552136359018,1223.062464564507
1837.9974426099236,8889.699433365455,27.82161382380462,4,0,0,26.88681806795799,1387.6144473322615
1948.0996371558367,7485.990047416552,44.823223184699586,3,1,0,9.201645658904269,1328.692087273232
